reference_url,discovered_in,http_status,final_url,reference_canonical,page_type,primary_search_intent,primary_keyword,parent_category,related_reference_urls,functionality,seo_purpose,savefromnet_url,status,indexable_on_savefromnet,notes
https://ar.vidssave.com/,sitemap,not fetched,,,localized page,language-specific search,not analyzed,locale: ar,,not offered on SaveFromNet,excluded to protect relevance and quality,,NOT RECOMMENDED,no,"No original, verified translation or locale-specific downloader is available; do not generate a thin locale page."
https://bd.vidssave.com/bn,sitemap,not fetched,,,localized page,language-specific search,not analyzed,locale: bd,,not offered on SaveFromNet,excluded to protect relevance and quality,,NOT RECOMMENDED,no,"No original, verified translation or locale-specific downloader is available; do not generate a thin locale page."
https://br.vidssave.com/home,sitemap,not fetched,,,localized page,language-specific search,not analyzed,locale: br,,not offered on SaveFromNet,excluded to protect relevance and quality,,NOT RECOMMENDED,no,"No original, verified translation or locale-specific downloader is available; do not generate a thin locale page."
https://es.vidssave.com/,sitemap,not fetched,,,localized page,language-specific search,not analyzed,locale: es,,not offered on SaveFromNet,excluded to protect relevance and quality,,NOT RECOMMENDED,no,"No original, verified translation or locale-specific downloader is available; do not generate a thin locale page."
https://hi.vidssave.com/,sitemap,not fetched,,,localized page,language-specific search,not analyzed,locale: hi,,not offered on SaveFromNet,excluded to protect relevance and quality,,NOT RECOMMENDED,no,"No original, verified translation or locale-specific downloader is available; do not generate a thin locale page."
https://id.vidssave.com/,sitemap,not fetched,,,localized page,language-specific search,not analyzed,locale: id,,not offered on SaveFromNet,excluded to protect relevance and quality,,NOT RECOMMENDED,no,"No original, verified translation or locale-specific downloader is available; do not generate a thin locale page."
https://pk.vidssave.com/ur,sitemap,not fetched,,,localized page,language-specific search,not analyzed,locale: pk,,not offered on SaveFromNet,excluded to protect relevance and quality,,NOT RECOMMENDED,no,"No original, verified translation or locale-specific downloader is available; do not generate a thin locale page."
https://tr.vidssave.com,sitemap,not fetched,,,localized page,language-specific search,not analyzed,locale: tr,,not offered on SaveFromNet,excluded to protect relevance and quality,,NOT RECOMMENDED,no,"No original, verified translation or locale-specific downloader is available; do not generate a thin locale page."
https://vidssave.com/,internal link,not fetched,,,home,general media download,general media download,home,,working downloader or content,answer general media download,https://savefromnet.fun/,CONSOLIDATED,yes,Mapped by supported function and intent; reference design and copy were not reused.
https://vidssave.com/about,sitemap,200,https://vidssave.com/about,https://vidssave.com/about,trust page,about the service,about the service,about,https://vidssave.com/ar/about | https://vidssave.com/bn/about | https://vidssave.com/cdn-cgi/l/email-protection | https://vidssave.com/dailymotion | https://vidssave.com/dailymotion-1mf | https://vidssave.com/de/about | https://vidssave.com/es/about-1mf | https://vidssave.com/extension,working downloader or content,answer about the service,https://savefromnet.fun/about,IMPLEMENTED,yes,Mapped by supported function and intent; reference design and copy were not reused.
https://vidssave.com/ar,internal link,not fetched,,,localized page,language-specific search,not analyzed,locale: ar,,not offered on SaveFromNet,excluded to protect relevance and quality,,NOT RECOMMENDED,no,"No original, verified translation or locale-specific downloader is available; do not generate a thin locale page."
https://vidssave.com/ar/about,sitemap,not fetched,,,localized page,language-specific search,not analyzed,locale: ar,,not offered on SaveFromNet,excluded to protect relevance and quality,,NOT RECOMMENDED,no,"No original, verified translation or locale-specific downloader is available; do not generate a thin locale page."
https://vidssave.com/ar/carousel,internal link,not fetched,,,localized page,language-specific search,not analyzed,locale: ar,,not offered on SaveFromNet,excluded to protect relevance and quality,,NOT RECOMMENDED,no,"No original, verified translation or locale-specific downloader is available; do not generate a thin locale page."
https://vidssave.com/ar/dailymotion,sitemap,not fetched,,,localized page,language-specific search,not analyzed,locale: ar,,not offered on SaveFromNet,excluded to protect relevance and quality,,NOT RECOMMENDED,no,"No original, verified translation or locale-specific downloader is available; do not generate a thin locale page."
https://vidssave.com/ar/extension,sitemap,not fetched,,,localized page,language-specific search,not analyzed,locale: ar,,not offered on SaveFromNet,excluded to protect relevance and quality,,NOT RECOMMENDED,no,"No original, verified translation or locale-specific downloader is available; do not generate a thin locale page."
https://vidssave.com/ar/extension/chrome,sitemap,not fetched,,,localized page,language-specific search,not analyzed,locale: ar,,not offered on SaveFromNet,excluded to protect relevance and quality,,NOT RECOMMENDED,no,"No original, verified translation or locale-specific downloader is available; do not generate a thin locale page."
https://vidssave.com/ar/facebook,sitemap,not fetched,,,localized page,language-specific search,not analyzed,locale: ar,,not offered on SaveFromNet,excluded to protect relevance and quality,,NOT RECOMMENDED,no,"No original, verified translation or locale-specific downloader is available; do not generate a thin locale page."
https://vidssave.com/ar/home,sitemap,not fetched,,,localized page,language-specific search,not analyzed,locale: ar,,not offered on SaveFromNet,excluded to protect relevance and quality,,NOT RECOMMENDED,no,"No original, verified translation or locale-specific downloader is available; do not generate a thin locale page."
https://vidssave.com/ar/ins,sitemap,not fetched,,,localized page,language-specific search,not analyzed,locale: ar,,not offered on SaveFromNet,excluded to protect relevance and quality,,NOT RECOMMENDED,no,"No original, verified translation or locale-specific downloader is available; do not generate a thin locale page."
https://vidssave.com/ar/ins/carousel,sitemap,not fetched,,,localized page,language-specific search,not analyzed,locale: ar,,not offered on SaveFromNet,excluded to protect relevance and quality,,NOT RECOMMENDED,no,"No original, verified translation or locale-specific downloader is available; do not generate a thin locale page."
https://vidssave.com/ar/ins/how-to-download-instagram-photos-in-hd,sitemap,not fetched,,,localized page,language-specific search,not analyzed,locale: ar,,not offered on SaveFromNet,excluded to protect relevance and quality,,NOT RECOMMENDED,no,"No original, verified translation or locale-specific downloader is available; do not generate a thin locale page."
https://vidssave.com/ar/ins/photo,sitemap,not fetched,,,localized page,language-specific search,not analyzed,locale: ar,,not offered on SaveFromNet,excluded to protect relevance and quality,,NOT RECOMMENDED,no,"No original, verified translation or locale-specific downloader is available; do not generate a thin locale page."
https://vidssave.com/ar/ins/profile,sitemap,not fetched,,,localized page,language-specific search,not analyzed,locale: ar,,not offered on SaveFromNet,excluded to protect relevance and quality,,NOT RECOMMENDED,no,"No original, verified translation or locale-specific downloader is available; do not generate a thin locale page."
https://vidssave.com/ar/ins/reels,sitemap,not fetched,,,localized page,language-specific search,not analyzed,locale: ar,,not offered on SaveFromNet,excluded to protect relevance and quality,,NOT RECOMMENDED,no,"No original, verified translation or locale-specific downloader is available; do not generate a thin locale page."
https://vidssave.com/ar/ins/story,sitemap,not fetched,,,localized page,language-specific search,not analyzed,locale: ar,,not offered on SaveFromNet,excluded to protect relevance and quality,,NOT RECOMMENDED,no,"No original, verified translation or locale-specific downloader is available; do not generate a thin locale page."
https://vidssave.com/ar/ins/video,sitemap,not fetched,,,localized page,language-specific search,not analyzed,locale: ar,,not offered on SaveFromNet,excluded to protect relevance and quality,,NOT RECOMMENDED,no,"No original, verified translation or locale-specific downloader is available; do not generate a thin locale page."
https://vidssave.com/ar/photo,internal link,not fetched,,,localized page,language-specific search,not analyzed,locale: ar,,not offered on SaveFromNet,excluded to protect relevance and quality,,NOT RECOMMENDED,no,"No original, verified translation or locale-specific downloader is available; do not generate a thin locale page."
https://vidssave.com/ar/pin,sitemap,not fetched,,,localized page,language-specific search,not analyzed,locale: ar,,not offered on SaveFromNet,excluded to protect relevance and quality,,NOT RECOMMENDED,no,"No original, verified translation or locale-specific downloader is available; do not generate a thin locale page."
https://vidssave.com/ar/pin/pinterest-gif-downloader,sitemap,not fetched,,,localized page,language-specific search,not analyzed,locale: ar,,not offered on SaveFromNet,excluded to protect relevance and quality,,NOT RECOMMENDED,no,"No original, verified translation or locale-specific downloader is available; do not generate a thin locale page."
https://vidssave.com/ar/pin/why-is-pinterest-not-letting-me-download,sitemap,not fetched,,,localized page,language-specific search,not analyzed,locale: ar,,not offered on SaveFromNet,excluded to protect relevance and quality,,NOT RECOMMENDED,no,"No original, verified translation or locale-specific downloader is available; do not generate a thin locale page."
https://vidssave.com/ar/platform-supports,sitemap,not fetched,,,localized page,language-specific search,not analyzed,locale: ar,,not offered on SaveFromNet,excluded to protect relevance and quality,,NOT RECOMMENDED,no,"No original, verified translation or locale-specific downloader is available; do not generate a thin locale page."
https://vidssave.com/ar/privacy,sitemap,not fetched,,,localized page,language-specific search,not analyzed,locale: ar,,not offered on SaveFromNet,excluded to protect relevance and quality,,NOT RECOMMENDED,no,"No original, verified translation or locale-specific downloader is available; do not generate a thin locale page."
https://vidssave.com/ar/profile,internal link,not fetched,,,localized page,language-specific search,not analyzed,locale: ar,,not offered on SaveFromNet,excluded to protect relevance and quality,,NOT RECOMMENDED,no,"No original, verified translation or locale-specific downloader is available; do not generate a thin locale page."
https://vidssave.com/ar/reddit,sitemap,not fetched,,,localized page,language-specific search,not analyzed,locale: ar,,not offered on SaveFromNet,excluded to protect relevance and quality,,NOT RECOMMENDED,no,"No original, verified translation or locale-specific downloader is available; do not generate a thin locale page."
https://vidssave.com/ar/reels,internal link,not fetched,,,localized page,language-specific search,not analyzed,locale: ar,,not offered on SaveFromNet,excluded to protect relevance and quality,,NOT RECOMMENDED,no,"No original, verified translation or locale-specific downloader is available; do not generate a thin locale page."
https://vidssave.com/ar/story,internal link,not fetched,,,localized page,language-specific search,not analyzed,locale: ar,,not offered on SaveFromNet,excluded to protect relevance and quality,,NOT RECOMMENDED,no,"No original, verified translation or locale-specific downloader is available; do not generate a thin locale page."
https://vidssave.com/ar/terms,sitemap,not fetched,,,localized page,language-specific search,not analyzed,locale: ar,,not offered on SaveFromNet,excluded to protect relevance and quality,,NOT RECOMMENDED,no,"No original, verified translation or locale-specific downloader is available; do not generate a thin locale page."
https://vidssave.com/ar/threads,sitemap,not fetched,,,localized page,language-specific search,not analyzed,locale: ar,,not offered on SaveFromNet,excluded to protect relevance and quality,,NOT RECOMMENDED,no,"No original, verified translation or locale-specific downloader is available; do not generate a thin locale page."
https://vidssave.com/ar/tiktok,sitemap,not fetched,,,localized page,language-specific search,not analyzed,locale: ar,,not offered on SaveFromNet,excluded to protect relevance and quality,,NOT RECOMMENDED,no,"No original, verified translation or locale-specific downloader is available; do not generate a thin locale page."
https://vidssave.com/ar/tiktok-mp3-download,internal link,not fetched,,,localized page,language-specific search,not analyzed,locale: ar,,not offered on SaveFromNet,excluded to protect relevance and quality,,NOT RECOMMENDED,no,"No original, verified translation or locale-specific downloader is available; do not generate a thin locale page."
https://vidssave.com/ar/tiktok-story-downloader,sitemap,not fetched,,,localized page,language-specific search,not analyzed,locale: ar,,not offered on SaveFromNet,excluded to protect relevance and quality,,NOT RECOMMENDED,no,"No original, verified translation or locale-specific downloader is available; do not generate a thin locale page."
https://vidssave.com/ar/tiktok-to-mp3,sitemap,not fetched,,,localized page,language-specific search,not analyzed,locale: ar,,not offered on SaveFromNet,excluded to protect relevance and quality,,NOT RECOMMENDED,no,"No original, verified translation or locale-specific downloader is available; do not generate a thin locale page."
https://vidssave.com/ar/tiktok/how-to-download-tiktok-sounds,sitemap,not fetched,,,localized page,language-specific search,not analyzed,locale: ar,,not offered on SaveFromNet,excluded to protect relevance and quality,,NOT RECOMMENDED,no,"No original, verified translation or locale-specific downloader is available; do not generate a thin locale page."
https://vidssave.com/ar/topic/the-backrooms-movie,internal link,not fetched,,,localized page,language-specific search,not analyzed,locale: ar,,not offered on SaveFromNet,excluded to protect relevance and quality,,NOT RECOMMENDED,no,"No original, verified translation or locale-specific downloader is available; do not generate a thin locale page."
https://vidssave.com/ar/twitter-gif-downloader,sitemap,not fetched,,,localized page,language-specific search,not analyzed,locale: ar,,not offered on SaveFromNet,excluded to protect relevance and quality,,NOT RECOMMENDED,no,"No original, verified translation or locale-specific downloader is available; do not generate a thin locale page."
https://vidssave.com/ar/video,internal link,not fetched,,,localized page,language-specific search,not analyzed,locale: ar,,not offered on SaveFromNet,excluded to protect relevance and quality,,NOT RECOMMENDED,no,"No original, verified translation or locale-specific downloader is available; do not generate a thin locale page."
https://vidssave.com/ar/x,sitemap,not fetched,,,localized page,language-specific search,not analyzed,locale: ar,,not offered on SaveFromNet,excluded to protect relevance and quality,,NOT RECOMMENDED,no,"No original, verified translation or locale-specific downloader is available; do not generate a thin locale page."
https://vidssave.com/ar/youtube-audio-downloader,sitemap,not fetched,,,localized page,language-specific search,not analyzed,locale: ar,,not offered on SaveFromNet,excluded to protect relevance and quality,,NOT RECOMMENDED,no,"No original, verified translation or locale-specific downloader is available; do not generate a thin locale page."
https://vidssave.com/ar/youtube-movies,sitemap,not fetched,,,localized page,language-specific search,not analyzed,locale: ar,,not offered on SaveFromNet,excluded to protect relevance and quality,,NOT RECOMMENDED,no,"No original, verified translation or locale-specific downloader is available; do not generate a thin locale page."
https://vidssave.com/ar/youtube-music-download,sitemap,not fetched,,,localized page,language-specific search,not analyzed,locale: ar,,not offered on SaveFromNet,excluded to protect relevance and quality,,NOT RECOMMENDED,no,"No original, verified translation or locale-specific downloader is available; do not generate a thin locale page."
https://vidssave.com/ar/youtube-shorts-download,sitemap,not fetched,,,localized page,language-specific search,not analyzed,locale: ar,,not offered on SaveFromNet,excluded to protect relevance and quality,,NOT RECOMMENDED,no,"No original, verified translation or locale-specific downloader is available; do not generate a thin locale page."
https://vidssave.com/ar/youtube-song-downloader,sitemap,not fetched,,,localized page,language-specific search,not analyzed,locale: ar,,not offered on SaveFromNet,excluded to protect relevance and quality,,NOT RECOMMENDED,no,"No original, verified translation or locale-specific downloader is available; do not generate a thin locale page."
https://vidssave.com/ar/youtube-to-mp3,sitemap,not fetched,,,localized page,language-specific search,not analyzed,locale: ar,,not offered on SaveFromNet,excluded to protect relevance and quality,,NOT RECOMMENDED,no,"No original, verified translation or locale-specific downloader is available; do not generate a thin locale page."
https://vidssave.com/ar/youtube-to-mp4,sitemap,not fetched,,,localized page,language-specific search,not analyzed,locale: ar,,not offered on SaveFromNet,excluded to protect relevance and quality,,NOT RECOMMENDED,no,"No original, verified translation or locale-specific downloader is available; do not generate a thin locale page."
https://vidssave.com/ar/yt-downloader,sitemap,not fetched,,,localized page,language-specific search,not analyzed,locale: ar,,not offered on SaveFromNet,excluded to protect relevance and quality,,NOT RECOMMENDED,no,"No original, verified translation or locale-specific downloader is available; do not generate a thin locale page."
https://vidssave.com/ar/yt/how-to-download-youtube-shorts,sitemap,not fetched,,,localized page,language-specific search,not analyzed,locale: ar,,not offered on SaveFromNet,excluded to protect relevance and quality,,NOT RECOMMENDED,no,"No original, verified translation or locale-specific downloader is available; do not generate a thin locale page."
https://vidssave.com/ar/yt/how-to-extract-audio-from-youtube-video,sitemap,not fetched,,,localized page,language-specific search,not analyzed,locale: ar,,not offered on SaveFromNet,excluded to protect relevance and quality,,NOT RECOMMENDED,no,"No original, verified translation or locale-specific downloader is available; do not generate a thin locale page."
https://vidssave.com/ar/yt/why-cannot-i-download-youtube-videos,sitemap,not fetched,,,localized page,language-specific search,not analyzed,locale: ar,,not offered on SaveFromNet,excluded to protect relevance and quality,,NOT RECOMMENDED,no,"No original, verified translation or locale-specific downloader is available; do not generate a thin locale page."
https://vidssave.com/ar/yt/why-is-there-no-sound-after-downloading-youtube-video,sitemap,not fetched,,,localized page,language-specific search,not analyzed,locale: ar,,not offered on SaveFromNet,excluded to protect relevance and quality,,NOT RECOMMENDED,no,"No original, verified translation or locale-specific downloader is available; do not generate a thin locale page."
https://vidssave.com/bn,internal link,not fetched,,,localized page,language-specific search,not analyzed,locale: bn,,not offered on SaveFromNet,excluded to protect relevance and quality,,NOT RECOMMENDED,no,"No original, verified translation or locale-specific downloader is available; do not generate a thin locale page."
https://vidssave.com/bn/about,sitemap,not fetched,,,localized page,language-specific search,not analyzed,locale: bn,,not offered on SaveFromNet,excluded to protect relevance and quality,,NOT RECOMMENDED,no,"No original, verified translation or locale-specific downloader is available; do not generate a thin locale page."
https://vidssave.com/bn/carousel,internal link,not fetched,,,localized page,language-specific search,not analyzed,locale: bn,,not offered on SaveFromNet,excluded to protect relevance and quality,,NOT RECOMMENDED,no,"No original, verified translation or locale-specific downloader is available; do not generate a thin locale page."
https://vidssave.com/bn/dailymotion,sitemap,not fetched,,,localized page,language-specific search,not analyzed,locale: bn,,not offered on SaveFromNet,excluded to protect relevance and quality,,NOT RECOMMENDED,no,"No original, verified translation or locale-specific downloader is available; do not generate a thin locale page."
https://vidssave.com/bn/extension,sitemap,not fetched,,,localized page,language-specific search,not analyzed,locale: bn,,not offered on SaveFromNet,excluded to protect relevance and quality,,NOT RECOMMENDED,no,"No original, verified translation or locale-specific downloader is available; do not generate a thin locale page."
https://vidssave.com/bn/extension/chrome,sitemap,not fetched,,,localized page,language-specific search,not analyzed,locale: bn,,not offered on SaveFromNet,excluded to protect relevance and quality,,NOT RECOMMENDED,no,"No original, verified translation or locale-specific downloader is available; do not generate a thin locale page."
https://vidssave.com/bn/facebook,sitemap,not fetched,,,localized page,language-specific search,not analyzed,locale: bn,,not offered on SaveFromNet,excluded to protect relevance and quality,,NOT RECOMMENDED,no,"No original, verified translation or locale-specific downloader is available; do not generate a thin locale page."
https://vidssave.com/bn/home,sitemap,not fetched,,,localized page,language-specific search,not analyzed,locale: bn,,not offered on SaveFromNet,excluded to protect relevance and quality,,NOT RECOMMENDED,no,"No original, verified translation or locale-specific downloader is available; do not generate a thin locale page."
https://vidssave.com/bn/ins,sitemap,not fetched,,,localized page,language-specific search,not analyzed,locale: bn,,not offered on SaveFromNet,excluded to protect relevance and quality,,NOT RECOMMENDED,no,"No original, verified translation or locale-specific downloader is available; do not generate a thin locale page."
https://vidssave.com/bn/ins/carousel,sitemap,not fetched,,,localized page,language-specific search,not analyzed,locale: bn,,not offered on SaveFromNet,excluded to protect relevance and quality,,NOT RECOMMENDED,no,"No original, verified translation or locale-specific downloader is available; do not generate a thin locale page."
https://vidssave.com/bn/ins/how-to-download-instagram-photos-in-hd,sitemap,not fetched,,,localized page,language-specific search,not analyzed,locale: bn,,not offered on SaveFromNet,excluded to protect relevance and quality,,NOT RECOMMENDED,no,"No original, verified translation or locale-specific downloader is available; do not generate a thin locale page."
https://vidssave.com/bn/ins/photo,sitemap,not fetched,,,localized page,language-specific search,not analyzed,locale: bn,,not offered on SaveFromNet,excluded to protect relevance and quality,,NOT RECOMMENDED,no,"No original, verified translation or locale-specific downloader is available; do not generate a thin locale page."
https://vidssave.com/bn/ins/profile,sitemap,not fetched,,,localized page,language-specific search,not analyzed,locale: bn,,not offered on SaveFromNet,excluded to protect relevance and quality,,NOT RECOMMENDED,no,"No original, verified translation or locale-specific downloader is available; do not generate a thin locale page."
https://vidssave.com/bn/ins/reels,sitemap,not fetched,,,localized page,language-specific search,not analyzed,locale: bn,,not offered on SaveFromNet,excluded to protect relevance and quality,,NOT RECOMMENDED,no,"No original, verified translation or locale-specific downloader is available; do not generate a thin locale page."
https://vidssave.com/bn/ins/story,sitemap,not fetched,,,localized page,language-specific search,not analyzed,locale: bn,,not offered on SaveFromNet,excluded to protect relevance and quality,,NOT RECOMMENDED,no,"No original, verified translation or locale-specific downloader is available; do not generate a thin locale page."
https://vidssave.com/bn/ins/video,sitemap,not fetched,,,localized page,language-specific search,not analyzed,locale: bn,,not offered on SaveFromNet,excluded to protect relevance and quality,,NOT RECOMMENDED,no,"No original, verified translation or locale-specific downloader is available; do not generate a thin locale page."
https://vidssave.com/bn/photo,internal link,not fetched,,,localized page,language-specific search,not analyzed,locale: bn,,not offered on SaveFromNet,excluded to protect relevance and quality,,NOT RECOMMENDED,no,"No original, verified translation or locale-specific downloader is available; do not generate a thin locale page."
https://vidssave.com/bn/pin,sitemap,not fetched,,,localized page,language-specific search,not analyzed,locale: bn,,not offered on SaveFromNet,excluded to protect relevance and quality,,NOT RECOMMENDED,no,"No original, verified translation or locale-specific downloader is available; do not generate a thin locale page."
https://vidssave.com/bn/pin/pinterest-gif-downloader,sitemap,not fetched,,,localized page,language-specific search,not analyzed,locale: bn,,not offered on SaveFromNet,excluded to protect relevance and quality,,NOT RECOMMENDED,no,"No original, verified translation or locale-specific downloader is available; do not generate a thin locale page."
https://vidssave.com/bn/pin/why-is-pinterest-not-letting-me-download,sitemap,not fetched,,,localized page,language-specific search,not analyzed,locale: bn,,not offered on SaveFromNet,excluded to protect relevance and quality,,NOT RECOMMENDED,no,"No original, verified translation or locale-specific downloader is available; do not generate a thin locale page."
https://vidssave.com/bn/platform-supports,sitemap,not fetched,,,localized page,language-specific search,not analyzed,locale: bn,,not offered on SaveFromNet,excluded to protect relevance and quality,,NOT RECOMMENDED,no,"No original, verified translation or locale-specific downloader is available; do not generate a thin locale page."
https://vidssave.com/bn/privacy,sitemap,not fetched,,,localized page,language-specific search,not analyzed,locale: bn,,not offered on SaveFromNet,excluded to protect relevance and quality,,NOT RECOMMENDED,no,"No original, verified translation or locale-specific downloader is available; do not generate a thin locale page."
https://vidssave.com/bn/profile,internal link,not fetched,,,localized page,language-specific search,not analyzed,locale: bn,,not offered on SaveFromNet,excluded to protect relevance and quality,,NOT RECOMMENDED,no,"No original, verified translation or locale-specific downloader is available; do not generate a thin locale page."
https://vidssave.com/bn/reddit,sitemap,not fetched,,,localized page,language-specific search,not analyzed,locale: bn,,not offered on SaveFromNet,excluded to protect relevance and quality,,NOT RECOMMENDED,no,"No original, verified translation or locale-specific downloader is available; do not generate a thin locale page."
https://vidssave.com/bn/reels,internal link,not fetched,,,localized page,language-specific search,not analyzed,locale: bn,,not offered on SaveFromNet,excluded to protect relevance and quality,,NOT RECOMMENDED,no,"No original, verified translation or locale-specific downloader is available; do not generate a thin locale page."
https://vidssave.com/bn/story,internal link,not fetched,,,localized page,language-specific search,not analyzed,locale: bn,,not offered on SaveFromNet,excluded to protect relevance and quality,,NOT RECOMMENDED,no,"No original, verified translation or locale-specific downloader is available; do not generate a thin locale page."
https://vidssave.com/bn/terms,sitemap,not fetched,,,localized page,language-specific search,not analyzed,locale: bn,,not offered on SaveFromNet,excluded to protect relevance and quality,,NOT RECOMMENDED,no,"No original, verified translation or locale-specific downloader is available; do not generate a thin locale page."
https://vidssave.com/bn/threads,sitemap,not fetched,,,localized page,language-specific search,not analyzed,locale: bn,,not offered on SaveFromNet,excluded to protect relevance and quality,,NOT RECOMMENDED,no,"No original, verified translation or locale-specific downloader is available; do not generate a thin locale page."
https://vidssave.com/bn/tiktok,sitemap,not fetched,,,localized page,language-specific search,not analyzed,locale: bn,,not offered on SaveFromNet,excluded to protect relevance and quality,,NOT RECOMMENDED,no,"No original, verified translation or locale-specific downloader is available; do not generate a thin locale page."
https://vidssave.com/bn/tiktok-mp3-download,internal link,not fetched,,,localized page,language-specific search,not analyzed,locale: bn,,not offered on SaveFromNet,excluded to protect relevance and quality,,NOT RECOMMENDED,no,"No original, verified translation or locale-specific downloader is available; do not generate a thin locale page."
https://vidssave.com/bn/tiktok-story-downloader,sitemap,not fetched,,,localized page,language-specific search,not analyzed,locale: bn,,not offered on SaveFromNet,excluded to protect relevance and quality,,NOT RECOMMENDED,no,"No original, verified translation or locale-specific downloader is available; do not generate a thin locale page."
https://vidssave.com/bn/tiktok-to-mp3,sitemap,not fetched,,,localized page,language-specific search,not analyzed,locale: bn,,not offered on SaveFromNet,excluded to protect relevance and quality,,NOT RECOMMENDED,no,"No original, verified translation or locale-specific downloader is available; do not generate a thin locale page."
https://vidssave.com/bn/tiktok/how-to-download-tiktok-sounds,sitemap,not fetched,,,localized page,language-specific search,not analyzed,locale: bn,,not offered on SaveFromNet,excluded to protect relevance and quality,,NOT RECOMMENDED,no,"No original, verified translation or locale-specific downloader is available; do not generate a thin locale page."
https://vidssave.com/bn/topic/the-backrooms-movie,internal link,not fetched,,,localized page,language-specific search,not analyzed,locale: bn,,not offered on SaveFromNet,excluded to protect relevance and quality,,NOT RECOMMENDED,no,"No original, verified translation or locale-specific downloader is available; do not generate a thin locale page."
https://vidssave.com/bn/twitter-gif-downloader,sitemap,not fetched,,,localized page,language-specific search,not analyzed,locale: bn,,not offered on SaveFromNet,excluded to protect relevance and quality,,NOT RECOMMENDED,no,"No original, verified translation or locale-specific downloader is available; do not generate a thin locale page."
https://vidssave.com/bn/video,internal link,not fetched,,,localized page,language-specific search,not analyzed,locale: bn,,not offered on SaveFromNet,excluded to protect relevance and quality,,NOT RECOMMENDED,no,"No original, verified translation or locale-specific downloader is available; do not generate a thin locale page."
https://vidssave.com/bn/x,sitemap,not fetched,,,localized page,language-specific search,not analyzed,locale: bn,,not offered on SaveFromNet,excluded to protect relevance and quality,,NOT RECOMMENDED,no,"No original, verified translation or locale-specific downloader is available; do not generate a thin locale page."
https://vidssave.com/bn/youtube-audio-downloader,sitemap,not fetched,,,localized page,language-specific search,not analyzed,locale: bn,,not offered on SaveFromNet,excluded to protect relevance and quality,,NOT RECOMMENDED,no,"No original, verified translation or locale-specific downloader is available; do not generate a thin locale page."
https://vidssave.com/bn/youtube-movies,sitemap,not fetched,,,localized page,language-specific search,not analyzed,locale: bn,,not offered on SaveFromNet,excluded to protect relevance and quality,,NOT RECOMMENDED,no,"No original, verified translation or locale-specific downloader is available; do not generate a thin locale page."
https://vidssave.com/bn/youtube-music-download,sitemap,not fetched,,,localized page,language-specific search,not analyzed,locale: bn,,not offered on SaveFromNet,excluded to protect relevance and quality,,NOT RECOMMENDED,no,"No original, verified translation or locale-specific downloader is available; do not generate a thin locale page."
https://vidssave.com/bn/youtube-shorts-download,sitemap,not fetched,,,localized page,language-specific search,not analyzed,locale: bn,,not offered on SaveFromNet,excluded to protect relevance and quality,,NOT RECOMMENDED,no,"No original, verified translation or locale-specific downloader is available; do not generate a thin locale page."
https://vidssave.com/bn/youtube-song-downloader,sitemap,not fetched,,,localized page,language-specific search,not analyzed,locale: bn,,not offered on SaveFromNet,excluded to protect relevance and quality,,NOT RECOMMENDED,no,"No original, verified translation or locale-specific downloader is available; do not generate a thin locale page."
https://vidssave.com/bn/youtube-to-mp3,sitemap,not fetched,,,localized page,language-specific search,not analyzed,locale: bn,,not offered on SaveFromNet,excluded to protect relevance and quality,,NOT RECOMMENDED,no,"No original, verified translation or locale-specific downloader is available; do not generate a thin locale page."
https://vidssave.com/bn/youtube-to-mp4,sitemap,not fetched,,,localized page,language-specific search,not analyzed,locale: bn,,not offered on SaveFromNet,excluded to protect relevance and quality,,NOT RECOMMENDED,no,"No original, verified translation or locale-specific downloader is available; do not generate a thin locale page."
https://vidssave.com/bn/yt-downloader,sitemap,not fetched,,,localized page,language-specific search,not analyzed,locale: bn,,not offered on SaveFromNet,excluded to protect relevance and quality,,NOT RECOMMENDED,no,"No original, verified translation or locale-specific downloader is available; do not generate a thin locale page."
https://vidssave.com/bn/yt/how-to-download-youtube-shorts,sitemap,not fetched,,,localized page,language-specific search,not analyzed,locale: bn,,not offered on SaveFromNet,excluded to protect relevance and quality,,NOT RECOMMENDED,no,"No original, verified translation or locale-specific downloader is available; do not generate a thin locale page."
https://vidssave.com/bn/yt/how-to-extract-audio-from-youtube-video,sitemap,not fetched,,,localized page,language-specific search,not analyzed,locale: bn,,not offered on SaveFromNet,excluded to protect relevance and quality,,NOT RECOMMENDED,no,"No original, verified translation or locale-specific downloader is available; do not generate a thin locale page."
https://vidssave.com/bn/yt/why-cannot-i-download-youtube-videos,sitemap,not fetched,,,localized page,language-specific search,not analyzed,locale: bn,,not offered on SaveFromNet,excluded to protect relevance and quality,,NOT RECOMMENDED,no,"No original, verified translation or locale-specific downloader is available; do not generate a thin locale page."
https://vidssave.com/bn/yt/why-is-there-no-sound-after-downloading-youtube-video,sitemap,not fetched,,,localized page,language-specific search,not analyzed,locale: bn,,not offered on SaveFromNet,excluded to protect relevance and quality,,NOT RECOMMENDED,no,"No original, verified translation or locale-specific downloader is available; do not generate a thin locale page."
https://vidssave.com/carousel,internal link,not fetched,,,tool alias,Instagram carousel download,Instagram carousel download,carousel,,working downloader or content,answer Instagram carousel download,https://savefromnet.fun/instagram-carousel-downloader,CONSOLIDATED,yes,Mapped by supported function and intent; reference design and copy were not reused.
https://vidssave.com/cdn-cgi/l/email-protection,internal link,not fetched,,,linked alias or ancillary page,unverified distinct intent,unverified distinct intent,cdn-cgi,,not offered on SaveFromNet,excluded to protect relevance and quality,,NOT RECOMMENDED,no,Linked but not a distinct sitemap target; verify need and functionality before creating a page.
https://vidssave.com/dailymotion,internal link,not fetched,,,tool alias,Dailymotion video download,Dailymotion video download,dailymotion,,working downloader or content,answer Dailymotion video download,https://savefromnet.fun/dailymotion-video-downloader,CONSOLIDATED,yes,Mapped by supported function and intent; reference design and copy were not reused.
https://vidssave.com/dailymotion-1mf,sitemap,200,https://vidssave.com/dailymotion-1mf,https://vidssave.com//dailymotion-1mf,tool,Dailymotion video download,Dailymotion video download,dailymotion-1mf,https://vidssave.com/about | https://vidssave.com/ar/dailymotion | https://vidssave.com/bn/dailymotion | https://vidssave.com/dailymotion | https://vidssave.com/de/dailymotion | https://vidssave.com/es/dailymotion | https://vidssave.com/extension | https://vidssave.com/extension/chrome,working downloader or content,answer Dailymotion video download,https://savefromnet.fun/dailymotion-video-downloader,IMPLEMENTED,yes,Mapped by supported function and intent; reference design and copy were not reused.
https://vidssave.com/de,internal link,not fetched,,,localized page,language-specific search,not analyzed,locale: de,,not offered on SaveFromNet,excluded to protect relevance and quality,,NOT RECOMMENDED,no,"No original, verified translation or locale-specific downloader is available; do not generate a thin locale page."
https://vidssave.com/de/about,sitemap,not fetched,,,localized page,language-specific search,not analyzed,locale: de,,not offered on SaveFromNet,excluded to protect relevance and quality,,NOT RECOMMENDED,no,"No original, verified translation or locale-specific downloader is available; do not generate a thin locale page."
https://vidssave.com/de/carousel,internal link,not fetched,,,localized page,language-specific search,not analyzed,locale: de,,not offered on SaveFromNet,excluded to protect relevance and quality,,NOT RECOMMENDED,no,"No original, verified translation or locale-specific downloader is available; do not generate a thin locale page."
https://vidssave.com/de/dailymotion,sitemap,not fetched,,,localized page,language-specific search,not analyzed,locale: de,,not offered on SaveFromNet,excluded to protect relevance and quality,,NOT RECOMMENDED,no,"No original, verified translation or locale-specific downloader is available; do not generate a thin locale page."
https://vidssave.com/de/extension,sitemap,not fetched,,,localized page,language-specific search,not analyzed,locale: de,,not offered on SaveFromNet,excluded to protect relevance and quality,,NOT RECOMMENDED,no,"No original, verified translation or locale-specific downloader is available; do not generate a thin locale page."
https://vidssave.com/de/extension/chrome,sitemap,not fetched,,,localized page,language-specific search,not analyzed,locale: de,,not offered on SaveFromNet,excluded to protect relevance and quality,,NOT RECOMMENDED,no,"No original, verified translation or locale-specific downloader is available; do not generate a thin locale page."
https://vidssave.com/de/facebook,sitemap,not fetched,,,localized page,language-specific search,not analyzed,locale: de,,not offered on SaveFromNet,excluded to protect relevance and quality,,NOT RECOMMENDED,no,"No original, verified translation or locale-specific downloader is available; do not generate a thin locale page."
https://vidssave.com/de/home,sitemap,not fetched,,,localized page,language-specific search,not analyzed,locale: de,,not offered on SaveFromNet,excluded to protect relevance and quality,,NOT RECOMMENDED,no,"No original, verified translation or locale-specific downloader is available; do not generate a thin locale page."
https://vidssave.com/de/ins,sitemap,not fetched,,,localized page,language-specific search,not analyzed,locale: de,,not offered on SaveFromNet,excluded to protect relevance and quality,,NOT RECOMMENDED,no,"No original, verified translation or locale-specific downloader is available; do not generate a thin locale page."
https://vidssave.com/de/ins/carousel,sitemap,not fetched,,,localized page,language-specific search,not analyzed,locale: de,,not offered on SaveFromNet,excluded to protect relevance and quality,,NOT RECOMMENDED,no,"No original, verified translation or locale-specific downloader is available; do not generate a thin locale page."
https://vidssave.com/de/ins/how-to-download-instagram-photos-in-hd,sitemap,not fetched,,,localized page,language-specific search,not analyzed,locale: de,,not offered on SaveFromNet,excluded to protect relevance and quality,,NOT RECOMMENDED,no,"No original, verified translation or locale-specific downloader is available; do not generate a thin locale page."
https://vidssave.com/de/ins/photo,sitemap,not fetched,,,localized page,language-specific search,not analyzed,locale: de,,not offered on SaveFromNet,excluded to protect relevance and quality,,NOT RECOMMENDED,no,"No original, verified translation or locale-specific downloader is available; do not generate a thin locale page."
https://vidssave.com/de/ins/profile,sitemap,not fetched,,,localized page,language-specific search,not analyzed,locale: de,,not offered on SaveFromNet,excluded to protect relevance and quality,,NOT RECOMMENDED,no,"No original, verified translation or locale-specific downloader is available; do not generate a thin locale page."
https://vidssave.com/de/ins/reels,sitemap,not fetched,,,localized page,language-specific search,not analyzed,locale: de,,not offered on SaveFromNet,excluded to protect relevance and quality,,NOT RECOMMENDED,no,"No original, verified translation or locale-specific downloader is available; do not generate a thin locale page."
https://vidssave.com/de/ins/story,sitemap,not fetched,,,localized page,language-specific search,not analyzed,locale: de,,not offered on SaveFromNet,excluded to protect relevance and quality,,NOT RECOMMENDED,no,"No original, verified translation or locale-specific downloader is available; do not generate a thin locale page."
https://vidssave.com/de/ins/video,sitemap,not fetched,,,localized page,language-specific search,not analyzed,locale: de,,not offered on SaveFromNet,excluded to protect relevance and quality,,NOT RECOMMENDED,no,"No original, verified translation or locale-specific downloader is available; do not generate a thin locale page."
https://vidssave.com/de/photo,internal link,not fetched,,,localized page,language-specific search,not analyzed,locale: de,,not offered on SaveFromNet,excluded to protect relevance and quality,,NOT RECOMMENDED,no,"No original, verified translation or locale-specific downloader is available; do not generate a thin locale page."
https://vidssave.com/de/pin,sitemap,not fetched,,,localized page,language-specific search,not analyzed,locale: de,,not offered on SaveFromNet,excluded to protect relevance and quality,,NOT RECOMMENDED,no,"No original, verified translation or locale-specific downloader is available; do not generate a thin locale page."
https://vidssave.com/de/pin/pinterest-gif-downloader,sitemap,not fetched,,,localized page,language-specific search,not analyzed,locale: de,,not offered on SaveFromNet,excluded to protect relevance and quality,,NOT RECOMMENDED,no,"No original, verified translation or locale-specific downloader is available; do not generate a thin locale page."
https://vidssave.com/de/pin/why-is-pinterest-not-letting-me-download,sitemap,not fetched,,,localized page,language-specific search,not analyzed,locale: de,,not offered on SaveFromNet,excluded to protect relevance and quality,,NOT RECOMMENDED,no,"No original, verified translation or locale-specific downloader is available; do not generate a thin locale page."
https://vidssave.com/de/platform-supports,sitemap,not fetched,,,localized page,language-specific search,not analyzed,locale: de,,not offered on SaveFromNet,excluded to protect relevance and quality,,NOT RECOMMENDED,no,"No original, verified translation or locale-specific downloader is available; do not generate a thin locale page."
https://vidssave.com/de/privacy,sitemap,not fetched,,,localized page,language-specific search,not analyzed,locale: de,,not offered on SaveFromNet,excluded to protect relevance and quality,,NOT RECOMMENDED,no,"No original, verified translation or locale-specific downloader is available; do not generate a thin locale page."
https://vidssave.com/de/profile,internal link,not fetched,,,localized page,language-specific search,not analyzed,locale: de,,not offered on SaveFromNet,excluded to protect relevance and quality,,NOT RECOMMENDED,no,"No original, verified translation or locale-specific downloader is available; do not generate a thin locale page."
https://vidssave.com/de/reddit,sitemap,not fetched,,,localized page,language-specific search,not analyzed,locale: de,,not offered on SaveFromNet,excluded to protect relevance and quality,,NOT RECOMMENDED,no,"No original, verified translation or locale-specific downloader is available; do not generate a thin locale page."
https://vidssave.com/de/reels,internal link,not fetched,,,localized page,language-specific search,not analyzed,locale: de,,not offered on SaveFromNet,excluded to protect relevance and quality,,NOT RECOMMENDED,no,"No original, verified translation or locale-specific downloader is available; do not generate a thin locale page."
https://vidssave.com/de/story,internal link,not fetched,,,localized page,language-specific search,not analyzed,locale: de,,not offered on SaveFromNet,excluded to protect relevance and quality,,NOT RECOMMENDED,no,"No original, verified translation or locale-specific downloader is available; do not generate a thin locale page."
https://vidssave.com/de/terms,sitemap,not fetched,,,localized page,language-specific search,not analyzed,locale: de,,not offered on SaveFromNet,excluded to protect relevance and quality,,NOT RECOMMENDED,no,"No original, verified translation or locale-specific downloader is available; do not generate a thin locale page."
https://vidssave.com/de/threads,sitemap,not fetched,,,localized page,language-specific search,not analyzed,locale: de,,not offered on SaveFromNet,excluded to protect relevance and quality,,NOT RECOMMENDED,no,"No original, verified translation or locale-specific downloader is available; do not generate a thin locale page."
https://vidssave.com/de/tiktok,sitemap,not fetched,,,localized page,language-specific search,not analyzed,locale: de,,not offered on SaveFromNet,excluded to protect relevance and quality,,NOT RECOMMENDED,no,"No original, verified translation or locale-specific downloader is available; do not generate a thin locale page."
https://vidssave.com/de/tiktok-mp3-download,internal link,not fetched,,,localized page,language-specific search,not analyzed,locale: de,,not offered on SaveFromNet,excluded to protect relevance and quality,,NOT RECOMMENDED,no,"No original, verified translation or locale-specific downloader is available; do not generate a thin locale page."
https://vidssave.com/de/tiktok-story-downloader,sitemap,not fetched,,,localized page,language-specific search,not analyzed,locale: de,,not offered on SaveFromNet,excluded to protect relevance and quality,,NOT RECOMMENDED,no,"No original, verified translation or locale-specific downloader is available; do not generate a thin locale page."
https://vidssave.com/de/tiktok-to-mp3,sitemap,not fetched,,,localized page,language-specific search,not analyzed,locale: de,,not offered on SaveFromNet,excluded to protect relevance and quality,,NOT RECOMMENDED,no,"No original, verified translation or locale-specific downloader is available; do not generate a thin locale page."
https://vidssave.com/de/tiktok/how-to-download-tiktok-sounds,sitemap,not fetched,,,localized page,language-specific search,not analyzed,locale: de,,not offered on SaveFromNet,excluded to protect relevance and quality,,NOT RECOMMENDED,no,"No original, verified translation or locale-specific downloader is available; do not generate a thin locale page."
https://vidssave.com/de/topic/the-backrooms-movie,internal link,not fetched,,,localized page,language-specific search,not analyzed,locale: de,,not offered on SaveFromNet,excluded to protect relevance and quality,,NOT RECOMMENDED,no,"No original, verified translation or locale-specific downloader is available; do not generate a thin locale page."
https://vidssave.com/de/twitter-gif-downloader,sitemap,not fetched,,,localized page,language-specific search,not analyzed,locale: de,,not offered on SaveFromNet,excluded to protect relevance and quality,,NOT RECOMMENDED,no,"No original, verified translation or locale-specific downloader is available; do not generate a thin locale page."
https://vidssave.com/de/video,internal link,not fetched,,,localized page,language-specific search,not analyzed,locale: de,,not offered on SaveFromNet,excluded to protect relevance and quality,,NOT RECOMMENDED,no,"No original, verified translation or locale-specific downloader is available; do not generate a thin locale page."
https://vidssave.com/de/x,sitemap,not fetched,,,localized page,language-specific search,not analyzed,locale: de,,not offered on SaveFromNet,excluded to protect relevance and quality,,NOT RECOMMENDED,no,"No original, verified translation or locale-specific downloader is available; do not generate a thin locale page."
https://vidssave.com/de/youtube-audio-downloader,sitemap,not fetched,,,localized page,language-specific search,not analyzed,locale: de,,not offered on SaveFromNet,excluded to protect relevance and quality,,NOT RECOMMENDED,no,"No original, verified translation or locale-specific downloader is available; do not generate a thin locale page."
https://vidssave.com/de/youtube-movies,sitemap,not fetched,,,localized page,language-specific search,not analyzed,locale: de,,not offered on SaveFromNet,excluded to protect relevance and quality,,NOT RECOMMENDED,no,"No original, verified translation or locale-specific downloader is available; do not generate a thin locale page."
https://vidssave.com/de/youtube-music-download,sitemap,not fetched,,,localized page,language-specific search,not analyzed,locale: de,,not offered on SaveFromNet,excluded to protect relevance and quality,,NOT RECOMMENDED,no,"No original, verified translation or locale-specific downloader is available; do not generate a thin locale page."
https://vidssave.com/de/youtube-shorts-download,sitemap,not fetched,,,localized page,language-specific search,not analyzed,locale: de,,not offered on SaveFromNet,excluded to protect relevance and quality,,NOT RECOMMENDED,no,"No original, verified translation or locale-specific downloader is available; do not generate a thin locale page."
https://vidssave.com/de/youtube-song-downloader,sitemap,not fetched,,,localized page,language-specific search,not analyzed,locale: de,,not offered on SaveFromNet,excluded to protect relevance and quality,,NOT RECOMMENDED,no,"No original, verified translation or locale-specific downloader is available; do not generate a thin locale page."
https://vidssave.com/de/youtube-to-mp3,internal link,not fetched,,,localized page,language-specific search,not analyzed,locale: de,,not offered on SaveFromNet,excluded to protect relevance and quality,,NOT RECOMMENDED,no,"No original, verified translation or locale-specific downloader is available; do not generate a thin locale page."
https://vidssave.com/de/youtube-to-mp3-1mf,sitemap,not fetched,,,localized page,language-specific search,not analyzed,locale: de,,not offered on SaveFromNet,excluded to protect relevance and quality,,NOT RECOMMENDED,no,"No original, verified translation or locale-specific downloader is available; do not generate a thin locale page."
https://vidssave.com/de/youtube-to-mp4,sitemap,not fetched,,,localized page,language-specific search,not analyzed,locale: de,,not offered on SaveFromNet,excluded to protect relevance and quality,,NOT RECOMMENDED,no,"No original, verified translation or locale-specific downloader is available; do not generate a thin locale page."
https://vidssave.com/de/yt-2az,sitemap,not fetched,,,localized page,language-specific search,not analyzed,locale: de,,not offered on SaveFromNet,excluded to protect relevance and quality,,NOT RECOMMENDED,no,"No original, verified translation or locale-specific downloader is available; do not generate a thin locale page."
https://vidssave.com/de/yt-downloader,sitemap,not fetched,,,localized page,language-specific search,not analyzed,locale: de,,not offered on SaveFromNet,excluded to protect relevance and quality,,NOT RECOMMENDED,no,"No original, verified translation or locale-specific downloader is available; do not generate a thin locale page."
https://vidssave.com/de/yt/how-to-download-youtube-shorts,sitemap,not fetched,,,localized page,language-specific search,not analyzed,locale: de,,not offered on SaveFromNet,excluded to protect relevance and quality,,NOT RECOMMENDED,no,"No original, verified translation or locale-specific downloader is available; do not generate a thin locale page."
https://vidssave.com/de/yt/how-to-extract-audio-from-youtube-video,sitemap,not fetched,,,localized page,language-specific search,not analyzed,locale: de,,not offered on SaveFromNet,excluded to protect relevance and quality,,NOT RECOMMENDED,no,"No original, verified translation or locale-specific downloader is available; do not generate a thin locale page."
https://vidssave.com/de/yt/why-cannot-i-download-youtube-videos,sitemap,not fetched,,,localized page,language-specific search,not analyzed,locale: de,,not offered on SaveFromNet,excluded to protect relevance and quality,,NOT RECOMMENDED,no,"No original, verified translation or locale-specific downloader is available; do not generate a thin locale page."
https://vidssave.com/de/yt/why-is-there-no-sound-after-downloading-youtube-video,sitemap,not fetched,,,localized page,language-specific search,not analyzed,locale: de,,not offered on SaveFromNet,excluded to protect relevance and quality,,NOT RECOMMENDED,no,"No original, verified translation or locale-specific downloader is available; do not generate a thin locale page."
https://vidssave.com/en,internal link,not fetched,,,linked alias or ancillary page,unverified distinct intent,unverified distinct intent,en,,not offered on SaveFromNet,excluded to protect relevance and quality,,NOT RECOMMENDED,no,Linked but not a distinct sitemap target; verify need and functionality before creating a page.
https://vidssave.com/en/carousel,internal link,not fetched,,,linked alias or ancillary page,unverified distinct intent,unverified distinct intent,en,,not offered on SaveFromNet,excluded to protect relevance and quality,,NOT RECOMMENDED,no,Linked but not a distinct sitemap target; verify need and functionality before creating a page.
https://vidssave.com/en/photo,internal link,not fetched,,,linked alias or ancillary page,unverified distinct intent,unverified distinct intent,en,,not offered on SaveFromNet,excluded to protect relevance and quality,,NOT RECOMMENDED,no,Linked but not a distinct sitemap target; verify need and functionality before creating a page.
https://vidssave.com/en/profile,internal link,not fetched,,,linked alias or ancillary page,unverified distinct intent,unverified distinct intent,en,,not offered on SaveFromNet,excluded to protect relevance and quality,,NOT RECOMMENDED,no,Linked but not a distinct sitemap target; verify need and functionality before creating a page.
https://vidssave.com/en/reels,internal link,not fetched,,,linked alias or ancillary page,unverified distinct intent,unverified distinct intent,en,,not offered on SaveFromNet,excluded to protect relevance and quality,,NOT RECOMMENDED,no,Linked but not a distinct sitemap target; verify need and functionality before creating a page.
https://vidssave.com/en/story,internal link,not fetched,,,linked alias or ancillary page,unverified distinct intent,unverified distinct intent,en,,not offered on SaveFromNet,excluded to protect relevance and quality,,NOT RECOMMENDED,no,Linked but not a distinct sitemap target; verify need and functionality before creating a page.
https://vidssave.com/en/video,internal link,not fetched,,,linked alias or ancillary page,unverified distinct intent,unverified distinct intent,en,,not offered on SaveFromNet,excluded to protect relevance and quality,,NOT RECOMMENDED,no,Linked but not a distinct sitemap target; verify need and functionality before creating a page.
https://vidssave.com/es,internal link,not fetched,,,localized page,language-specific search,not analyzed,locale: es,,not offered on SaveFromNet,excluded to protect relevance and quality,,NOT RECOMMENDED,no,"No original, verified translation or locale-specific downloader is available; do not generate a thin locale page."
https://vidssave.com/es/about,sitemap,not fetched,,,localized page,language-specific search,not analyzed,locale: es,,not offered on SaveFromNet,excluded to protect relevance and quality,,NOT RECOMMENDED,no,"No original, verified translation or locale-specific downloader is available; do not generate a thin locale page."
https://vidssave.com/es/about-1mf,sitemap,not fetched,,,localized page,language-specific search,not analyzed,locale: es,,not offered on SaveFromNet,excluded to protect relevance and quality,,NOT RECOMMENDED,no,"No original, verified translation or locale-specific downloader is available; do not generate a thin locale page."
https://vidssave.com/es/carousel,internal link,not fetched,,,localized page,language-specific search,not analyzed,locale: es,,not offered on SaveFromNet,excluded to protect relevance and quality,,NOT RECOMMENDED,no,"No original, verified translation or locale-specific downloader is available; do not generate a thin locale page."
https://vidssave.com/es/convertidor-youtube-mp3,sitemap,not fetched,,,localized page,language-specific search,not analyzed,locale: es,,not offered on SaveFromNet,excluded to protect relevance and quality,,NOT RECOMMENDED,no,"No original, verified translation or locale-specific downloader is available; do not generate a thin locale page."
https://vidssave.com/es/dailymotion,sitemap,not fetched,,,localized page,language-specific search,not analyzed,locale: es,,not offered on SaveFromNet,excluded to protect relevance and quality,,NOT RECOMMENDED,no,"No original, verified translation or locale-specific downloader is available; do not generate a thin locale page."
https://vidssave.com/es/extension-1mf,sitemap,not fetched,,,localized page,language-specific search,not analyzed,locale: es,,not offered on SaveFromNet,excluded to protect relevance and quality,,NOT RECOMMENDED,no,"No original, verified translation or locale-specific downloader is available; do not generate a thin locale page."
https://vidssave.com/es/extension/chrome,sitemap,not fetched,,,localized page,language-specific search,not analyzed,locale: es,,not offered on SaveFromNet,excluded to protect relevance and quality,,NOT RECOMMENDED,no,"No original, verified translation or locale-specific downloader is available; do not generate a thin locale page."
https://vidssave.com/es/facebook,sitemap,not fetched,,,localized page,language-specific search,not analyzed,locale: es,,not offered on SaveFromNet,excluded to protect relevance and quality,,NOT RECOMMENDED,no,"No original, verified translation or locale-specific downloader is available; do not generate a thin locale page."
https://vidssave.com/es/index-3tz,sitemap,not fetched,,,localized page,language-specific search,not analyzed,locale: es,,not offered on SaveFromNet,excluded to protect relevance and quality,,NOT RECOMMENDED,no,"No original, verified translation or locale-specific downloader is available; do not generate a thin locale page."
https://vidssave.com/es/ins,sitemap,not fetched,,,localized page,language-specific search,not analyzed,locale: es,,not offered on SaveFromNet,excluded to protect relevance and quality,,NOT RECOMMENDED,no,"No original, verified translation or locale-specific downloader is available; do not generate a thin locale page."
https://vidssave.com/es/ins/carousel,sitemap,not fetched,,,localized page,language-specific search,not analyzed,locale: es,,not offered on SaveFromNet,excluded to protect relevance and quality,,NOT RECOMMENDED,no,"No original, verified translation or locale-specific downloader is available; do not generate a thin locale page."
https://vidssave.com/es/ins/how-to-download-instagram-photos-in-hd,sitemap,not fetched,,,localized page,language-specific search,not analyzed,locale: es,,not offered on SaveFromNet,excluded to protect relevance and quality,,NOT RECOMMENDED,no,"No original, verified translation or locale-specific downloader is available; do not generate a thin locale page."
https://vidssave.com/es/ins/photo,sitemap,not fetched,,,localized page,language-specific search,not analyzed,locale: es,,not offered on SaveFromNet,excluded to protect relevance and quality,,NOT RECOMMENDED,no,"No original, verified translation or locale-specific downloader is available; do not generate a thin locale page."
https://vidssave.com/es/ins/profile,sitemap,not fetched,,,localized page,language-specific search,not analyzed,locale: es,,not offered on SaveFromNet,excluded to protect relevance and quality,,NOT RECOMMENDED,no,"No original, verified translation or locale-specific downloader is available; do not generate a thin locale page."
https://vidssave.com/es/ins/reels,sitemap,not fetched,,,localized page,language-specific search,not analyzed,locale: es,,not offered on SaveFromNet,excluded to protect relevance and quality,,NOT RECOMMENDED,no,"No original, verified translation or locale-specific downloader is available; do not generate a thin locale page."
https://vidssave.com/es/ins/story,sitemap,not fetched,,,localized page,language-specific search,not analyzed,locale: es,,not offered on SaveFromNet,excluded to protect relevance and quality,,NOT RECOMMENDED,no,"No original, verified translation or locale-specific downloader is available; do not generate a thin locale page."
https://vidssave.com/es/ins/video,sitemap,not fetched,,,localized page,language-specific search,not analyzed,locale: es,,not offered on SaveFromNet,excluded to protect relevance and quality,,NOT RECOMMENDED,no,"No original, verified translation or locale-specific downloader is available; do not generate a thin locale page."
https://vidssave.com/es/photo,internal link,not fetched,,,localized page,language-specific search,not analyzed,locale: es,,not offered on SaveFromNet,excluded to protect relevance and quality,,NOT RECOMMENDED,no,"No original, verified translation or locale-specific downloader is available; do not generate a thin locale page."
https://vidssave.com/es/pin,sitemap,not fetched,,,localized page,language-specific search,not analyzed,locale: es,,not offered on SaveFromNet,excluded to protect relevance and quality,,NOT RECOMMENDED,no,"No original, verified translation or locale-specific downloader is available; do not generate a thin locale page."
https://vidssave.com/es/pin/pinterest-gif-downloader,sitemap,not fetched,,,localized page,language-specific search,not analyzed,locale: es,,not offered on SaveFromNet,excluded to protect relevance and quality,,NOT RECOMMENDED,no,"No original, verified translation or locale-specific downloader is available; do not generate a thin locale page."
https://vidssave.com/es/pin/why-is-pinterest-not-letting-me-download,sitemap,not fetched,,,localized page,language-specific search,not analyzed,locale: es,,not offered on SaveFromNet,excluded to protect relevance and quality,,NOT RECOMMENDED,no,"No original, verified translation or locale-specific downloader is available; do not generate a thin locale page."
https://vidssave.com/es/platform-supports-1mf,sitemap,not fetched,,,localized page,language-specific search,not analyzed,locale: es,,not offered on SaveFromNet,excluded to protect relevance and quality,,NOT RECOMMENDED,no,"No original, verified translation or locale-specific downloader is available; do not generate a thin locale page."
https://vidssave.com/es/privacy,sitemap,not fetched,,,localized page,language-specific search,not analyzed,locale: es,,not offered on SaveFromNet,excluded to protect relevance and quality,,NOT RECOMMENDED,no,"No original, verified translation or locale-specific downloader is available; do not generate a thin locale page."
https://vidssave.com/es/profile,internal link,not fetched,,,localized page,language-specific search,not analyzed,locale: es,,not offered on SaveFromNet,excluded to protect relevance and quality,,NOT RECOMMENDED,no,"No original, verified translation or locale-specific downloader is available; do not generate a thin locale page."
https://vidssave.com/es/reddit,sitemap,not fetched,,,localized page,language-specific search,not analyzed,locale: es,,not offered on SaveFromNet,excluded to protect relevance and quality,,NOT RECOMMENDED,no,"No original, verified translation or locale-specific downloader is available; do not generate a thin locale page."
https://vidssave.com/es/reels,internal link,not fetched,,,localized page,language-specific search,not analyzed,locale: es,,not offered on SaveFromNet,excluded to protect relevance and quality,,NOT RECOMMENDED,no,"No original, verified translation or locale-specific downloader is available; do not generate a thin locale page."
https://vidssave.com/es/story,internal link,not fetched,,,localized page,language-specific search,not analyzed,locale: es,,not offered on SaveFromNet,excluded to protect relevance and quality,,NOT RECOMMENDED,no,"No original, verified translation or locale-specific downloader is available; do not generate a thin locale page."
https://vidssave.com/es/terms,sitemap,not fetched,,,localized page,language-specific search,not analyzed,locale: es,,not offered on SaveFromNet,excluded to protect relevance and quality,,NOT RECOMMENDED,no,"No original, verified translation or locale-specific downloader is available; do not generate a thin locale page."
https://vidssave.com/es/threads,sitemap,not fetched,,,localized page,language-specific search,not analyzed,locale: es,,not offered on SaveFromNet,excluded to protect relevance and quality,,NOT RECOMMENDED,no,"No original, verified translation or locale-specific downloader is available; do not generate a thin locale page."
https://vidssave.com/es/tiktok,sitemap,not fetched,,,localized page,language-specific search,not analyzed,locale: es,,not offered on SaveFromNet,excluded to protect relevance and quality,,NOT RECOMMENDED,no,"No original, verified translation or locale-specific downloader is available; do not generate a thin locale page."
https://vidssave.com/es/tiktok-mp3-download,internal link,not fetched,,,localized page,language-specific search,not analyzed,locale: es,,not offered on SaveFromNet,excluded to protect relevance and quality,,NOT RECOMMENDED,no,"No original, verified translation or locale-specific downloader is available; do not generate a thin locale page."
https://vidssave.com/es/tiktok-story-downloader,sitemap,not fetched,,,localized page,language-specific search,not analyzed,locale: es,,not offered on SaveFromNet,excluded to protect relevance and quality,,NOT RECOMMENDED,no,"No original, verified translation or locale-specific downloader is available; do not generate a thin locale page."
https://vidssave.com/es/tiktok-to-mp3,sitemap,not fetched,,,localized page,language-specific search,not analyzed,locale: es,,not offered on SaveFromNet,excluded to protect relevance and quality,,NOT RECOMMENDED,no,"No original, verified translation or locale-specific downloader is available; do not generate a thin locale page."
https://vidssave.com/es/tiktok/how-to-download-tiktok-sounds,sitemap,not fetched,,,localized page,language-specific search,not analyzed,locale: es,,not offered on SaveFromNet,excluded to protect relevance and quality,,NOT RECOMMENDED,no,"No original, verified translation or locale-specific downloader is available; do not generate a thin locale page."
https://vidssave.com/es/topic/the-backrooms-movie,internal link,not fetched,,,localized page,language-specific search,not analyzed,locale: es,,not offered on SaveFromNet,excluded to protect relevance and quality,,NOT RECOMMENDED,no,"No original, verified translation or locale-specific downloader is available; do not generate a thin locale page."
https://vidssave.com/es/twitter-gif-downloader,sitemap,not fetched,,,localized page,language-specific search,not analyzed,locale: es,,not offered on SaveFromNet,excluded to protect relevance and quality,,NOT RECOMMENDED,no,"No original, verified translation or locale-specific downloader is available; do not generate a thin locale page."
https://vidssave.com/es/video,internal link,not fetched,,,localized page,language-specific search,not analyzed,locale: es,,not offered on SaveFromNet,excluded to protect relevance and quality,,NOT RECOMMENDED,no,"No original, verified translation or locale-specific downloader is available; do not generate a thin locale page."
https://vidssave.com/es/x,sitemap,not fetched,,,localized page,language-specific search,not analyzed,locale: es,,not offered on SaveFromNet,excluded to protect relevance and quality,,NOT RECOMMENDED,no,"No original, verified translation or locale-specific downloader is available; do not generate a thin locale page."
https://vidssave.com/es/youtube-audio-downloader-1mf,sitemap,not fetched,,,localized page,language-specific search,not analyzed,locale: es,,not offered on SaveFromNet,excluded to protect relevance and quality,,NOT RECOMMENDED,no,"No original, verified translation or locale-specific downloader is available; do not generate a thin locale page."
https://vidssave.com/es/youtube-movies-1mf,sitemap,not fetched,,,localized page,language-specific search,not analyzed,locale: es,,not offered on SaveFromNet,excluded to protect relevance and quality,,NOT RECOMMENDED,no,"No original, verified translation or locale-specific downloader is available; do not generate a thin locale page."
https://vidssave.com/es/youtube-music-download,sitemap,not fetched,,,localized page,language-specific search,not analyzed,locale: es,,not offered on SaveFromNet,excluded to protect relevance and quality,,NOT RECOMMENDED,no,"No original, verified translation or locale-specific downloader is available; do not generate a thin locale page."
https://vidssave.com/es/youtube-shorts-download-1mf,sitemap,not fetched,,,localized page,language-specific search,not analyzed,locale: es,,not offered on SaveFromNet,excluded to protect relevance and quality,,NOT RECOMMENDED,no,"No original, verified translation or locale-specific downloader is available; do not generate a thin locale page."
https://vidssave.com/es/youtube-song-downloader,sitemap,not fetched,,,localized page,language-specific search,not analyzed,locale: es,,not offered on SaveFromNet,excluded to protect relevance and quality,,NOT RECOMMENDED,no,"No original, verified translation or locale-specific downloader is available; do not generate a thin locale page."
https://vidssave.com/es/youtube-to-mp4-1mf,sitemap,not fetched,,,localized page,language-specific search,not analyzed,locale: es,,not offered on SaveFromNet,excluded to protect relevance and quality,,NOT RECOMMENDED,no,"No original, verified translation or locale-specific downloader is available; do not generate a thin locale page."
https://vidssave.com/es/yt-downloader-1mf,sitemap,not fetched,,,localized page,language-specific search,not analyzed,locale: es,,not offered on SaveFromNet,excluded to protect relevance and quality,,NOT RECOMMENDED,no,"No original, verified translation or locale-specific downloader is available; do not generate a thin locale page."
https://vidssave.com/es/yt/how-to-download-youtube-shorts,sitemap,not fetched,,,localized page,language-specific search,not analyzed,locale: es,,not offered on SaveFromNet,excluded to protect relevance and quality,,NOT RECOMMENDED,no,"No original, verified translation or locale-specific downloader is available; do not generate a thin locale page."
https://vidssave.com/es/yt/how-to-extract-audio-from-youtube-video,sitemap,not fetched,,,localized page,language-specific search,not analyzed,locale: es,,not offered on SaveFromNet,excluded to protect relevance and quality,,NOT RECOMMENDED,no,"No original, verified translation or locale-specific downloader is available; do not generate a thin locale page."
https://vidssave.com/es/yt/why-cannot-i-download-youtube-videos,sitemap,not fetched,,,localized page,language-specific search,not analyzed,locale: es,,not offered on SaveFromNet,excluded to protect relevance and quality,,NOT RECOMMENDED,no,"No original, verified translation or locale-specific downloader is available; do not generate a thin locale page."
https://vidssave.com/es/yt/why-is-there-no-sound-after-downloading-youtube-video,sitemap,not fetched,,,localized page,language-specific search,not analyzed,locale: es,,not offered on SaveFromNet,excluded to protect relevance and quality,,NOT RECOMMENDED,no,"No original, verified translation or locale-specific downloader is available; do not generate a thin locale page."
https://vidssave.com/extension,sitemap,200,https://vidssave.com/extension,https://vidssave.com/extension,extension page,browser extension,browser extension,extension,https://vidssave.com/about | https://vidssave.com/ar/extension | https://vidssave.com/bn/extension | https://vidssave.com/dailymotion | https://vidssave.com/dailymotion-1mf | https://vidssave.com/de/extension | https://vidssave.com/es/extension-1mf | https://vidssave.com/extension/chrome,not offered on SaveFromNet,excluded to protect relevance and quality,,NOT TECHNICALLY SUPPORTED,no,Mapped by supported function and intent; reference design and copy were not reused.
https://vidssave.com/extension/chrome,sitemap,200,https://vidssave.com/extension/chrome,https://vidssave.com/extension/chrome,extension page,Chrome extension,Chrome extension,extension,https://vidssave.com/about | https://vidssave.com/ar/extension/chrome | https://vidssave.com/bn/extension/chrome | https://vidssave.com/dailymotion | https://vidssave.com/dailymotion-1mf | https://vidssave.com/de/extension/chrome | https://vidssave.com/es/extension/chrome | https://vidssave.com/extension,not offered on SaveFromNet,excluded to protect relevance and quality,,NOT TECHNICALLY SUPPORTED,no,Mapped by supported function and intent; reference design and copy were not reused.
https://vidssave.com/facebook,sitemap,200,https://vidssave.com/facebook,https://vidssave.com/facebook,tool,Facebook video download,Facebook video download,facebook,https://vidssave.com/about | https://vidssave.com/ar/facebook | https://vidssave.com/bn/facebook | https://vidssave.com/dailymotion | https://vidssave.com/dailymotion-1mf | https://vidssave.com/de/facebook | https://vidssave.com/es/facebook | https://vidssave.com/extension,working downloader or content,answer Facebook video download,https://savefromnet.fun/facebook-video-downloader,IMPLEMENTED,yes,Mapped by supported function and intent; reference design and copy were not reused.
https://vidssave.com/faq,internal link,not fetched,,,linked alias or ancillary page,unverified distinct intent,unverified distinct intent,faq,,not offered on SaveFromNet,excluded to protect relevance and quality,,NOT RECOMMENDED,no,Linked but not a distinct sitemap target; verify need and functionality before creating a page.
https://vidssave.com/fr,internal link,not fetched,,,localized page,language-specific search,not analyzed,locale: fr,,not offered on SaveFromNet,excluded to protect relevance and quality,,NOT RECOMMENDED,no,"No original, verified translation or locale-specific downloader is available; do not generate a thin locale page."
https://vidssave.com/fr/about,sitemap,not fetched,,,localized page,language-specific search,not analyzed,locale: fr,,not offered on SaveFromNet,excluded to protect relevance and quality,,NOT RECOMMENDED,no,"No original, verified translation or locale-specific downloader is available; do not generate a thin locale page."
https://vidssave.com/fr/carousel,internal link,not fetched,,,localized page,language-specific search,not analyzed,locale: fr,,not offered on SaveFromNet,excluded to protect relevance and quality,,NOT RECOMMENDED,no,"No original, verified translation or locale-specific downloader is available; do not generate a thin locale page."
https://vidssave.com/fr/dailymotion,sitemap,not fetched,,,localized page,language-specific search,not analyzed,locale: fr,,not offered on SaveFromNet,excluded to protect relevance and quality,,NOT RECOMMENDED,no,"No original, verified translation or locale-specific downloader is available; do not generate a thin locale page."
https://vidssave.com/fr/extension,sitemap,not fetched,,,localized page,language-specific search,not analyzed,locale: fr,,not offered on SaveFromNet,excluded to protect relevance and quality,,NOT RECOMMENDED,no,"No original, verified translation or locale-specific downloader is available; do not generate a thin locale page."
https://vidssave.com/fr/extension/chrome,sitemap,not fetched,,,localized page,language-specific search,not analyzed,locale: fr,,not offered on SaveFromNet,excluded to protect relevance and quality,,NOT RECOMMENDED,no,"No original, verified translation or locale-specific downloader is available; do not generate a thin locale page."
https://vidssave.com/fr/facebook,sitemap,not fetched,,,localized page,language-specific search,not analyzed,locale: fr,,not offered on SaveFromNet,excluded to protect relevance and quality,,NOT RECOMMENDED,no,"No original, verified translation or locale-specific downloader is available; do not generate a thin locale page."
https://vidssave.com/fr/home,sitemap,not fetched,,,localized page,language-specific search,not analyzed,locale: fr,,not offered on SaveFromNet,excluded to protect relevance and quality,,NOT RECOMMENDED,no,"No original, verified translation or locale-specific downloader is available; do not generate a thin locale page."
https://vidssave.com/fr/ins,sitemap,not fetched,,,localized page,language-specific search,not analyzed,locale: fr,,not offered on SaveFromNet,excluded to protect relevance and quality,,NOT RECOMMENDED,no,"No original, verified translation or locale-specific downloader is available; do not generate a thin locale page."
https://vidssave.com/fr/ins/carousel,sitemap,not fetched,,,localized page,language-specific search,not analyzed,locale: fr,,not offered on SaveFromNet,excluded to protect relevance and quality,,NOT RECOMMENDED,no,"No original, verified translation or locale-specific downloader is available; do not generate a thin locale page."
https://vidssave.com/fr/ins/how-to-download-instagram-photos-in-hd,sitemap,not fetched,,,localized page,language-specific search,not analyzed,locale: fr,,not offered on SaveFromNet,excluded to protect relevance and quality,,NOT RECOMMENDED,no,"No original, verified translation or locale-specific downloader is available; do not generate a thin locale page."
https://vidssave.com/fr/ins/photo,sitemap,not fetched,,,localized page,language-specific search,not analyzed,locale: fr,,not offered on SaveFromNet,excluded to protect relevance and quality,,NOT RECOMMENDED,no,"No original, verified translation or locale-specific downloader is available; do not generate a thin locale page."
https://vidssave.com/fr/ins/profile,sitemap,not fetched,,,localized page,language-specific search,not analyzed,locale: fr,,not offered on SaveFromNet,excluded to protect relevance and quality,,NOT RECOMMENDED,no,"No original, verified translation or locale-specific downloader is available; do not generate a thin locale page."
https://vidssave.com/fr/ins/reels,sitemap,not fetched,,,localized page,language-specific search,not analyzed,locale: fr,,not offered on SaveFromNet,excluded to protect relevance and quality,,NOT RECOMMENDED,no,"No original, verified translation or locale-specific downloader is available; do not generate a thin locale page."
https://vidssave.com/fr/ins/story,sitemap,not fetched,,,localized page,language-specific search,not analyzed,locale: fr,,not offered on SaveFromNet,excluded to protect relevance and quality,,NOT RECOMMENDED,no,"No original, verified translation or locale-specific downloader is available; do not generate a thin locale page."
https://vidssave.com/fr/ins/video,sitemap,not fetched,,,localized page,language-specific search,not analyzed,locale: fr,,not offered on SaveFromNet,excluded to protect relevance and quality,,NOT RECOMMENDED,no,"No original, verified translation or locale-specific downloader is available; do not generate a thin locale page."
https://vidssave.com/fr/photo,internal link,not fetched,,,localized page,language-specific search,not analyzed,locale: fr,,not offered on SaveFromNet,excluded to protect relevance and quality,,NOT RECOMMENDED,no,"No original, verified translation or locale-specific downloader is available; do not generate a thin locale page."
https://vidssave.com/fr/pin,sitemap,not fetched,,,localized page,language-specific search,not analyzed,locale: fr,,not offered on SaveFromNet,excluded to protect relevance and quality,,NOT RECOMMENDED,no,"No original, verified translation or locale-specific downloader is available; do not generate a thin locale page."
https://vidssave.com/fr/pin/pinterest-gif-downloader,sitemap,not fetched,,,localized page,language-specific search,not analyzed,locale: fr,,not offered on SaveFromNet,excluded to protect relevance and quality,,NOT RECOMMENDED,no,"No original, verified translation or locale-specific downloader is available; do not generate a thin locale page."
https://vidssave.com/fr/pin/why-is-pinterest-not-letting-me-download,sitemap,not fetched,,,localized page,language-specific search,not analyzed,locale: fr,,not offered on SaveFromNet,excluded to protect relevance and quality,,NOT RECOMMENDED,no,"No original, verified translation or locale-specific downloader is available; do not generate a thin locale page."
https://vidssave.com/fr/platform-supports,sitemap,not fetched,,,localized page,language-specific search,not analyzed,locale: fr,,not offered on SaveFromNet,excluded to protect relevance and quality,,NOT RECOMMENDED,no,"No original, verified translation or locale-specific downloader is available; do not generate a thin locale page."
https://vidssave.com/fr/privacy,sitemap,not fetched,,,localized page,language-specific search,not analyzed,locale: fr,,not offered on SaveFromNet,excluded to protect relevance and quality,,NOT RECOMMENDED,no,"No original, verified translation or locale-specific downloader is available; do not generate a thin locale page."
https://vidssave.com/fr/profile,internal link,not fetched,,,localized page,language-specific search,not analyzed,locale: fr,,not offered on SaveFromNet,excluded to protect relevance and quality,,NOT RECOMMENDED,no,"No original, verified translation or locale-specific downloader is available; do not generate a thin locale page."
https://vidssave.com/fr/reddit,sitemap,not fetched,,,localized page,language-specific search,not analyzed,locale: fr,,not offered on SaveFromNet,excluded to protect relevance and quality,,NOT RECOMMENDED,no,"No original, verified translation or locale-specific downloader is available; do not generate a thin locale page."
https://vidssave.com/fr/reels,internal link,not fetched,,,localized page,language-specific search,not analyzed,locale: fr,,not offered on SaveFromNet,excluded to protect relevance and quality,,NOT RECOMMENDED,no,"No original, verified translation or locale-specific downloader is available; do not generate a thin locale page."
https://vidssave.com/fr/story,internal link,not fetched,,,localized page,language-specific search,not analyzed,locale: fr,,not offered on SaveFromNet,excluded to protect relevance and quality,,NOT RECOMMENDED,no,"No original, verified translation or locale-specific downloader is available; do not generate a thin locale page."
https://vidssave.com/fr/terms,sitemap,not fetched,,,localized page,language-specific search,not analyzed,locale: fr,,not offered on SaveFromNet,excluded to protect relevance and quality,,NOT RECOMMENDED,no,"No original, verified translation or locale-specific downloader is available; do not generate a thin locale page."
https://vidssave.com/fr/threads,sitemap,not fetched,,,localized page,language-specific search,not analyzed,locale: fr,,not offered on SaveFromNet,excluded to protect relevance and quality,,NOT RECOMMENDED,no,"No original, verified translation or locale-specific downloader is available; do not generate a thin locale page."
https://vidssave.com/fr/tiktok,sitemap,not fetched,,,localized page,language-specific search,not analyzed,locale: fr,,not offered on SaveFromNet,excluded to protect relevance and quality,,NOT RECOMMENDED,no,"No original, verified translation or locale-specific downloader is available; do not generate a thin locale page."
https://vidssave.com/fr/tiktok-mp3-download,internal link,not fetched,,,localized page,language-specific search,not analyzed,locale: fr,,not offered on SaveFromNet,excluded to protect relevance and quality,,NOT RECOMMENDED,no,"No original, verified translation or locale-specific downloader is available; do not generate a thin locale page."
https://vidssave.com/fr/tiktok-story-downloader,sitemap,not fetched,,,localized page,language-specific search,not analyzed,locale: fr,,not offered on SaveFromNet,excluded to protect relevance and quality,,NOT RECOMMENDED,no,"No original, verified translation or locale-specific downloader is available; do not generate a thin locale page."
https://vidssave.com/fr/tiktok-to-mp3,sitemap,not fetched,,,localized page,language-specific search,not analyzed,locale: fr,,not offered on SaveFromNet,excluded to protect relevance and quality,,NOT RECOMMENDED,no,"No original, verified translation or locale-specific downloader is available; do not generate a thin locale page."
https://vidssave.com/fr/tiktok/how-to-download-tiktok-sounds,sitemap,not fetched,,,localized page,language-specific search,not analyzed,locale: fr,,not offered on SaveFromNet,excluded to protect relevance and quality,,NOT RECOMMENDED,no,"No original, verified translation or locale-specific downloader is available; do not generate a thin locale page."
https://vidssave.com/fr/topic/the-backrooms-movie,internal link,not fetched,,,localized page,language-specific search,not analyzed,locale: fr,,not offered on SaveFromNet,excluded to protect relevance and quality,,NOT RECOMMENDED,no,"No original, verified translation or locale-specific downloader is available; do not generate a thin locale page."
https://vidssave.com/fr/twitter-gif-downloader,sitemap,not fetched,,,localized page,language-specific search,not analyzed,locale: fr,,not offered on SaveFromNet,excluded to protect relevance and quality,,NOT RECOMMENDED,no,"No original, verified translation or locale-specific downloader is available; do not generate a thin locale page."
https://vidssave.com/fr/video,internal link,not fetched,,,localized page,language-specific search,not analyzed,locale: fr,,not offered on SaveFromNet,excluded to protect relevance and quality,,NOT RECOMMENDED,no,"No original, verified translation or locale-specific downloader is available; do not generate a thin locale page."
https://vidssave.com/fr/x,sitemap,not fetched,,,localized page,language-specific search,not analyzed,locale: fr,,not offered on SaveFromNet,excluded to protect relevance and quality,,NOT RECOMMENDED,no,"No original, verified translation or locale-specific downloader is available; do not generate a thin locale page."
https://vidssave.com/fr/youtube-audio-downloader,sitemap,not fetched,,,localized page,language-specific search,not analyzed,locale: fr,,not offered on SaveFromNet,excluded to protect relevance and quality,,NOT RECOMMENDED,no,"No original, verified translation or locale-specific downloader is available; do not generate a thin locale page."
https://vidssave.com/fr/youtube-movies,sitemap,not fetched,,,localized page,language-specific search,not analyzed,locale: fr,,not offered on SaveFromNet,excluded to protect relevance and quality,,NOT RECOMMENDED,no,"No original, verified translation or locale-specific downloader is available; do not generate a thin locale page."
https://vidssave.com/fr/youtube-music-download,sitemap,not fetched,,,localized page,language-specific search,not analyzed,locale: fr,,not offered on SaveFromNet,excluded to protect relevance and quality,,NOT RECOMMENDED,no,"No original, verified translation or locale-specific downloader is available; do not generate a thin locale page."
https://vidssave.com/fr/youtube-shorts-download,sitemap,not fetched,,,localized page,language-specific search,not analyzed,locale: fr,,not offered on SaveFromNet,excluded to protect relevance and quality,,NOT RECOMMENDED,no,"No original, verified translation or locale-specific downloader is available; do not generate a thin locale page."
https://vidssave.com/fr/youtube-song-downloader,sitemap,not fetched,,,localized page,language-specific search,not analyzed,locale: fr,,not offered on SaveFromNet,excluded to protect relevance and quality,,NOT RECOMMENDED,no,"No original, verified translation or locale-specific downloader is available; do not generate a thin locale page."
https://vidssave.com/fr/youtube-to-mp3,sitemap,not fetched,,,localized page,language-specific search,not analyzed,locale: fr,,not offered on SaveFromNet,excluded to protect relevance and quality,,NOT RECOMMENDED,no,"No original, verified translation or locale-specific downloader is available; do not generate a thin locale page."
https://vidssave.com/fr/youtube-to-mp4,sitemap,not fetched,,,localized page,language-specific search,not analyzed,locale: fr,,not offered on SaveFromNet,excluded to protect relevance and quality,,NOT RECOMMENDED,no,"No original, verified translation or locale-specific downloader is available; do not generate a thin locale page."
https://vidssave.com/fr/yt-2az,sitemap,not fetched,,,localized page,language-specific search,not analyzed,locale: fr,,not offered on SaveFromNet,excluded to protect relevance and quality,,NOT RECOMMENDED,no,"No original, verified translation or locale-specific downloader is available; do not generate a thin locale page."
https://vidssave.com/fr/yt-downloader,sitemap,not fetched,,,localized page,language-specific search,not analyzed,locale: fr,,not offered on SaveFromNet,excluded to protect relevance and quality,,NOT RECOMMENDED,no,"No original, verified translation or locale-specific downloader is available; do not generate a thin locale page."
https://vidssave.com/fr/yt/how-to-download-youtube-shorts,sitemap,not fetched,,,localized page,language-specific search,not analyzed,locale: fr,,not offered on SaveFromNet,excluded to protect relevance and quality,,NOT RECOMMENDED,no,"No original, verified translation or locale-specific downloader is available; do not generate a thin locale page."
https://vidssave.com/fr/yt/how-to-extract-audio-from-youtube-video,sitemap,not fetched,,,localized page,language-specific search,not analyzed,locale: fr,,not offered on SaveFromNet,excluded to protect relevance and quality,,NOT RECOMMENDED,no,"No original, verified translation or locale-specific downloader is available; do not generate a thin locale page."
https://vidssave.com/fr/yt/why-cannot-i-download-youtube-videos,sitemap,not fetched,,,localized page,language-specific search,not analyzed,locale: fr,,not offered on SaveFromNet,excluded to protect relevance and quality,,NOT RECOMMENDED,no,"No original, verified translation or locale-specific downloader is available; do not generate a thin locale page."
https://vidssave.com/fr/yt/why-is-there-no-sound-after-downloading-youtube-video,sitemap,not fetched,,,localized page,language-specific search,not analyzed,locale: fr,,not offered on SaveFromNet,excluded to protect relevance and quality,,NOT RECOMMENDED,no,"No original, verified translation or locale-specific downloader is available; do not generate a thin locale page."
https://vidssave.com/hi,internal link,not fetched,,,localized page,language-specific search,not analyzed,locale: hi,,not offered on SaveFromNet,excluded to protect relevance and quality,,NOT RECOMMENDED,no,"No original, verified translation or locale-specific downloader is available; do not generate a thin locale page."
https://vidssave.com/hi/about,sitemap,not fetched,,,localized page,language-specific search,not analyzed,locale: hi,,not offered on SaveFromNet,excluded to protect relevance and quality,,NOT RECOMMENDED,no,"No original, verified translation or locale-specific downloader is available; do not generate a thin locale page."
https://vidssave.com/hi/carousel,internal link,not fetched,,,localized page,language-specific search,not analyzed,locale: hi,,not offered on SaveFromNet,excluded to protect relevance and quality,,NOT RECOMMENDED,no,"No original, verified translation or locale-specific downloader is available; do not generate a thin locale page."
https://vidssave.com/hi/dailymotion,sitemap,not fetched,,,localized page,language-specific search,not analyzed,locale: hi,,not offered on SaveFromNet,excluded to protect relevance and quality,,NOT RECOMMENDED,no,"No original, verified translation or locale-specific downloader is available; do not generate a thin locale page."
https://vidssave.com/hi/extension,sitemap,not fetched,,,localized page,language-specific search,not analyzed,locale: hi,,not offered on SaveFromNet,excluded to protect relevance and quality,,NOT RECOMMENDED,no,"No original, verified translation or locale-specific downloader is available; do not generate a thin locale page."
https://vidssave.com/hi/extension/chrome,sitemap,not fetched,,,localized page,language-specific search,not analyzed,locale: hi,,not offered on SaveFromNet,excluded to protect relevance and quality,,NOT RECOMMENDED,no,"No original, verified translation or locale-specific downloader is available; do not generate a thin locale page."
https://vidssave.com/hi/facebook,sitemap,not fetched,,,localized page,language-specific search,not analyzed,locale: hi,,not offered on SaveFromNet,excluded to protect relevance and quality,,NOT RECOMMENDED,no,"No original, verified translation or locale-specific downloader is available; do not generate a thin locale page."
https://vidssave.com/hi/home,sitemap,not fetched,,,localized page,language-specific search,not analyzed,locale: hi,,not offered on SaveFromNet,excluded to protect relevance and quality,,NOT RECOMMENDED,no,"No original, verified translation or locale-specific downloader is available; do not generate a thin locale page."
https://vidssave.com/hi/ins,sitemap,not fetched,,,localized page,language-specific search,not analyzed,locale: hi,,not offered on SaveFromNet,excluded to protect relevance and quality,,NOT RECOMMENDED,no,"No original, verified translation or locale-specific downloader is available; do not generate a thin locale page."
https://vidssave.com/hi/ins/carousel,sitemap,not fetched,,,localized page,language-specific search,not analyzed,locale: hi,,not offered on SaveFromNet,excluded to protect relevance and quality,,NOT RECOMMENDED,no,"No original, verified translation or locale-specific downloader is available; do not generate a thin locale page."
https://vidssave.com/hi/ins/how-to-download-instagram-photos-in-hd,sitemap,not fetched,,,localized page,language-specific search,not analyzed,locale: hi,,not offered on SaveFromNet,excluded to protect relevance and quality,,NOT RECOMMENDED,no,"No original, verified translation or locale-specific downloader is available; do not generate a thin locale page."
https://vidssave.com/hi/ins/photo,sitemap,not fetched,,,localized page,language-specific search,not analyzed,locale: hi,,not offered on SaveFromNet,excluded to protect relevance and quality,,NOT RECOMMENDED,no,"No original, verified translation or locale-specific downloader is available; do not generate a thin locale page."
https://vidssave.com/hi/ins/profile,sitemap,not fetched,,,localized page,language-specific search,not analyzed,locale: hi,,not offered on SaveFromNet,excluded to protect relevance and quality,,NOT RECOMMENDED,no,"No original, verified translation or locale-specific downloader is available; do not generate a thin locale page."
https://vidssave.com/hi/ins/reels,sitemap,not fetched,,,localized page,language-specific search,not analyzed,locale: hi,,not offered on SaveFromNet,excluded to protect relevance and quality,,NOT RECOMMENDED,no,"No original, verified translation or locale-specific downloader is available; do not generate a thin locale page."
https://vidssave.com/hi/ins/story,sitemap,not fetched,,,localized page,language-specific search,not analyzed,locale: hi,,not offered on SaveFromNet,excluded to protect relevance and quality,,NOT RECOMMENDED,no,"No original, verified translation or locale-specific downloader is available; do not generate a thin locale page."
https://vidssave.com/hi/ins/video,sitemap,not fetched,,,localized page,language-specific search,not analyzed,locale: hi,,not offered on SaveFromNet,excluded to protect relevance and quality,,NOT RECOMMENDED,no,"No original, verified translation or locale-specific downloader is available; do not generate a thin locale page."
https://vidssave.com/hi/photo,internal link,not fetched,,,localized page,language-specific search,not analyzed,locale: hi,,not offered on SaveFromNet,excluded to protect relevance and quality,,NOT RECOMMENDED,no,"No original, verified translation or locale-specific downloader is available; do not generate a thin locale page."
https://vidssave.com/hi/pin,sitemap,not fetched,,,localized page,language-specific search,not analyzed,locale: hi,,not offered on SaveFromNet,excluded to protect relevance and quality,,NOT RECOMMENDED,no,"No original, verified translation or locale-specific downloader is available; do not generate a thin locale page."
https://vidssave.com/hi/pin/pinterest-gif-downloader,sitemap,not fetched,,,localized page,language-specific search,not analyzed,locale: hi,,not offered on SaveFromNet,excluded to protect relevance and quality,,NOT RECOMMENDED,no,"No original, verified translation or locale-specific downloader is available; do not generate a thin locale page."
https://vidssave.com/hi/pin/why-is-pinterest-not-letting-me-download,sitemap,not fetched,,,localized page,language-specific search,not analyzed,locale: hi,,not offered on SaveFromNet,excluded to protect relevance and quality,,NOT RECOMMENDED,no,"No original, verified translation or locale-specific downloader is available; do not generate a thin locale page."
https://vidssave.com/hi/platform-supports,sitemap,not fetched,,,localized page,language-specific search,not analyzed,locale: hi,,not offered on SaveFromNet,excluded to protect relevance and quality,,NOT RECOMMENDED,no,"No original, verified translation or locale-specific downloader is available; do not generate a thin locale page."
https://vidssave.com/hi/privacy,sitemap,not fetched,,,localized page,language-specific search,not analyzed,locale: hi,,not offered on SaveFromNet,excluded to protect relevance and quality,,NOT RECOMMENDED,no,"No original, verified translation or locale-specific downloader is available; do not generate a thin locale page."
https://vidssave.com/hi/profile,internal link,not fetched,,,localized page,language-specific search,not analyzed,locale: hi,,not offered on SaveFromNet,excluded to protect relevance and quality,,NOT RECOMMENDED,no,"No original, verified translation or locale-specific downloader is available; do not generate a thin locale page."
https://vidssave.com/hi/reddit,sitemap,not fetched,,,localized page,language-specific search,not analyzed,locale: hi,,not offered on SaveFromNet,excluded to protect relevance and quality,,NOT RECOMMENDED,no,"No original, verified translation or locale-specific downloader is available; do not generate a thin locale page."
https://vidssave.com/hi/reels,internal link,not fetched,,,localized page,language-specific search,not analyzed,locale: hi,,not offered on SaveFromNet,excluded to protect relevance and quality,,NOT RECOMMENDED,no,"No original, verified translation or locale-specific downloader is available; do not generate a thin locale page."
https://vidssave.com/hi/story,internal link,not fetched,,,localized page,language-specific search,not analyzed,locale: hi,,not offered on SaveFromNet,excluded to protect relevance and quality,,NOT RECOMMENDED,no,"No original, verified translation or locale-specific downloader is available; do not generate a thin locale page."
https://vidssave.com/hi/terms,sitemap,not fetched,,,localized page,language-specific search,not analyzed,locale: hi,,not offered on SaveFromNet,excluded to protect relevance and quality,,NOT RECOMMENDED,no,"No original, verified translation or locale-specific downloader is available; do not generate a thin locale page."
https://vidssave.com/hi/threads,sitemap,not fetched,,,localized page,language-specific search,not analyzed,locale: hi,,not offered on SaveFromNet,excluded to protect relevance and quality,,NOT RECOMMENDED,no,"No original, verified translation or locale-specific downloader is available; do not generate a thin locale page."
https://vidssave.com/hi/tiktok,sitemap,not fetched,,,localized page,language-specific search,not analyzed,locale: hi,,not offered on SaveFromNet,excluded to protect relevance and quality,,NOT RECOMMENDED,no,"No original, verified translation or locale-specific downloader is available; do not generate a thin locale page."
https://vidssave.com/hi/tiktok-mp3-download,internal link,not fetched,,,localized page,language-specific search,not analyzed,locale: hi,,not offered on SaveFromNet,excluded to protect relevance and quality,,NOT RECOMMENDED,no,"No original, verified translation or locale-specific downloader is available; do not generate a thin locale page."
https://vidssave.com/hi/tiktok-story-downloader,sitemap,not fetched,,,localized page,language-specific search,not analyzed,locale: hi,,not offered on SaveFromNet,excluded to protect relevance and quality,,NOT RECOMMENDED,no,"No original, verified translation or locale-specific downloader is available; do not generate a thin locale page."
https://vidssave.com/hi/tiktok-to-mp3,sitemap,not fetched,,,localized page,language-specific search,not analyzed,locale: hi,,not offered on SaveFromNet,excluded to protect relevance and quality,,NOT RECOMMENDED,no,"No original, verified translation or locale-specific downloader is available; do not generate a thin locale page."
https://vidssave.com/hi/tiktok/how-to-download-tiktok-sounds,sitemap,not fetched,,,localized page,language-specific search,not analyzed,locale: hi,,not offered on SaveFromNet,excluded to protect relevance and quality,,NOT RECOMMENDED,no,"No original, verified translation or locale-specific downloader is available; do not generate a thin locale page."
https://vidssave.com/hi/topic/the-backrooms-movie,internal link,not fetched,,,localized page,language-specific search,not analyzed,locale: hi,,not offered on SaveFromNet,excluded to protect relevance and quality,,NOT RECOMMENDED,no,"No original, verified translation or locale-specific downloader is available; do not generate a thin locale page."
https://vidssave.com/hi/twitter-gif-downloader,sitemap,not fetched,,,localized page,language-specific search,not analyzed,locale: hi,,not offered on SaveFromNet,excluded to protect relevance and quality,,NOT RECOMMENDED,no,"No original, verified translation or locale-specific downloader is available; do not generate a thin locale page."
https://vidssave.com/hi/video,internal link,not fetched,,,localized page,language-specific search,not analyzed,locale: hi,,not offered on SaveFromNet,excluded to protect relevance and quality,,NOT RECOMMENDED,no,"No original, verified translation or locale-specific downloader is available; do not generate a thin locale page."
https://vidssave.com/hi/x,sitemap,not fetched,,,localized page,language-specific search,not analyzed,locale: hi,,not offered on SaveFromNet,excluded to protect relevance and quality,,NOT RECOMMENDED,no,"No original, verified translation or locale-specific downloader is available; do not generate a thin locale page."
https://vidssave.com/hi/youtube-audio-downloader,sitemap,not fetched,,,localized page,language-specific search,not analyzed,locale: hi,,not offered on SaveFromNet,excluded to protect relevance and quality,,NOT RECOMMENDED,no,"No original, verified translation or locale-specific downloader is available; do not generate a thin locale page."
https://vidssave.com/hi/youtube-movies,sitemap,not fetched,,,localized page,language-specific search,not analyzed,locale: hi,,not offered on SaveFromNet,excluded to protect relevance and quality,,NOT RECOMMENDED,no,"No original, verified translation or locale-specific downloader is available; do not generate a thin locale page."
https://vidssave.com/hi/youtube-music-download,sitemap,not fetched,,,localized page,language-specific search,not analyzed,locale: hi,,not offered on SaveFromNet,excluded to protect relevance and quality,,NOT RECOMMENDED,no,"No original, verified translation or locale-specific downloader is available; do not generate a thin locale page."
https://vidssave.com/hi/youtube-shorts-download,sitemap,not fetched,,,localized page,language-specific search,not analyzed,locale: hi,,not offered on SaveFromNet,excluded to protect relevance and quality,,NOT RECOMMENDED,no,"No original, verified translation or locale-specific downloader is available; do not generate a thin locale page."
https://vidssave.com/hi/youtube-song-downloader,sitemap,not fetched,,,localized page,language-specific search,not analyzed,locale: hi,,not offered on SaveFromNet,excluded to protect relevance and quality,,NOT RECOMMENDED,no,"No original, verified translation or locale-specific downloader is available; do not generate a thin locale page."
https://vidssave.com/hi/youtube-to-mp3,sitemap,not fetched,,,localized page,language-specific search,not analyzed,locale: hi,,not offered on SaveFromNet,excluded to protect relevance and quality,,NOT RECOMMENDED,no,"No original, verified translation or locale-specific downloader is available; do not generate a thin locale page."
https://vidssave.com/hi/youtube-to-mp4,sitemap,not fetched,,,localized page,language-specific search,not analyzed,locale: hi,,not offered on SaveFromNet,excluded to protect relevance and quality,,NOT RECOMMENDED,no,"No original, verified translation or locale-specific downloader is available; do not generate a thin locale page."
https://vidssave.com/hi/yt-downloader,sitemap,not fetched,,,localized page,language-specific search,not analyzed,locale: hi,,not offered on SaveFromNet,excluded to protect relevance and quality,,NOT RECOMMENDED,no,"No original, verified translation or locale-specific downloader is available; do not generate a thin locale page."
https://vidssave.com/hi/yt/how-to-download-youtube-shorts,sitemap,not fetched,,,localized page,language-specific search,not analyzed,locale: hi,,not offered on SaveFromNet,excluded to protect relevance and quality,,NOT RECOMMENDED,no,"No original, verified translation or locale-specific downloader is available; do not generate a thin locale page."
https://vidssave.com/hi/yt/how-to-extract-audio-from-youtube-video,sitemap,not fetched,,,localized page,language-specific search,not analyzed,locale: hi,,not offered on SaveFromNet,excluded to protect relevance and quality,,NOT RECOMMENDED,no,"No original, verified translation or locale-specific downloader is available; do not generate a thin locale page."
https://vidssave.com/hi/yt/why-cannot-i-download-youtube-videos,sitemap,not fetched,,,localized page,language-specific search,not analyzed,locale: hi,,not offered on SaveFromNet,excluded to protect relevance and quality,,NOT RECOMMENDED,no,"No original, verified translation or locale-specific downloader is available; do not generate a thin locale page."
https://vidssave.com/hi/yt/why-is-there-no-sound-after-downloading-youtube-video,sitemap,not fetched,,,localized page,language-specific search,not analyzed,locale: hi,,not offered on SaveFromNet,excluded to protect relevance and quality,,NOT RECOMMENDED,no,"No original, verified translation or locale-specific downloader is available; do not generate a thin locale page."
https://vidssave.com/home,internal link,not fetched,,,home alias,general media download,general media download,home,,working downloader or content,answer general media download,https://savefromnet.fun/,CONSOLIDATED,yes,Mapped by supported function and intent; reference design and copy were not reused.
https://vidssave.com/id,internal link,not fetched,,,localized page,language-specific search,not analyzed,locale: id,,not offered on SaveFromNet,excluded to protect relevance and quality,,NOT RECOMMENDED,no,"No original, verified translation or locale-specific downloader is available; do not generate a thin locale page."
https://vidssave.com/id/about,sitemap,not fetched,,,localized page,language-specific search,not analyzed,locale: id,,not offered on SaveFromNet,excluded to protect relevance and quality,,NOT RECOMMENDED,no,"No original, verified translation or locale-specific downloader is available; do not generate a thin locale page."
https://vidssave.com/id/carousel,internal link,not fetched,,,localized page,language-specific search,not analyzed,locale: id,,not offered on SaveFromNet,excluded to protect relevance and quality,,NOT RECOMMENDED,no,"No original, verified translation or locale-specific downloader is available; do not generate a thin locale page."
https://vidssave.com/id/dailymotion,sitemap,not fetched,,,localized page,language-specific search,not analyzed,locale: id,,not offered on SaveFromNet,excluded to protect relevance and quality,,NOT RECOMMENDED,no,"No original, verified translation or locale-specific downloader is available; do not generate a thin locale page."
https://vidssave.com/id/extension,sitemap,not fetched,,,localized page,language-specific search,not analyzed,locale: id,,not offered on SaveFromNet,excluded to protect relevance and quality,,NOT RECOMMENDED,no,"No original, verified translation or locale-specific downloader is available; do not generate a thin locale page."
https://vidssave.com/id/extension/chrome,sitemap,not fetched,,,localized page,language-specific search,not analyzed,locale: id,,not offered on SaveFromNet,excluded to protect relevance and quality,,NOT RECOMMENDED,no,"No original, verified translation or locale-specific downloader is available; do not generate a thin locale page."
https://vidssave.com/id/facebook,sitemap,not fetched,,,localized page,language-specific search,not analyzed,locale: id,,not offered on SaveFromNet,excluded to protect relevance and quality,,NOT RECOMMENDED,no,"No original, verified translation or locale-specific downloader is available; do not generate a thin locale page."
https://vidssave.com/id/home,sitemap,not fetched,,,localized page,language-specific search,not analyzed,locale: id,,not offered on SaveFromNet,excluded to protect relevance and quality,,NOT RECOMMENDED,no,"No original, verified translation or locale-specific downloader is available; do not generate a thin locale page."
https://vidssave.com/id/id/youtube-to-mp4-1mf,sitemap,not fetched,,,localized page,language-specific search,not analyzed,locale: id,,not offered on SaveFromNet,excluded to protect relevance and quality,,NOT RECOMMENDED,no,"No original, verified translation or locale-specific downloader is available; do not generate a thin locale page."
https://vidssave.com/id/ins,sitemap,not fetched,,,localized page,language-specific search,not analyzed,locale: id,,not offered on SaveFromNet,excluded to protect relevance and quality,,NOT RECOMMENDED,no,"No original, verified translation or locale-specific downloader is available; do not generate a thin locale page."
https://vidssave.com/id/ins/carousel,sitemap,not fetched,,,localized page,language-specific search,not analyzed,locale: id,,not offered on SaveFromNet,excluded to protect relevance and quality,,NOT RECOMMENDED,no,"No original, verified translation or locale-specific downloader is available; do not generate a thin locale page."
https://vidssave.com/id/ins/how-to-download-instagram-photos-in-hd,sitemap,not fetched,,,localized page,language-specific search,not analyzed,locale: id,,not offered on SaveFromNet,excluded to protect relevance and quality,,NOT RECOMMENDED,no,"No original, verified translation or locale-specific downloader is available; do not generate a thin locale page."
https://vidssave.com/id/ins/photo,sitemap,not fetched,,,localized page,language-specific search,not analyzed,locale: id,,not offered on SaveFromNet,excluded to protect relevance and quality,,NOT RECOMMENDED,no,"No original, verified translation or locale-specific downloader is available; do not generate a thin locale page."
https://vidssave.com/id/ins/profile,sitemap,not fetched,,,localized page,language-specific search,not analyzed,locale: id,,not offered on SaveFromNet,excluded to protect relevance and quality,,NOT RECOMMENDED,no,"No original, verified translation or locale-specific downloader is available; do not generate a thin locale page."
https://vidssave.com/id/ins/reels,sitemap,not fetched,,,localized page,language-specific search,not analyzed,locale: id,,not offered on SaveFromNet,excluded to protect relevance and quality,,NOT RECOMMENDED,no,"No original, verified translation or locale-specific downloader is available; do not generate a thin locale page."
https://vidssave.com/id/ins/story,sitemap,not fetched,,,localized page,language-specific search,not analyzed,locale: id,,not offered on SaveFromNet,excluded to protect relevance and quality,,NOT RECOMMENDED,no,"No original, verified translation or locale-specific downloader is available; do not generate a thin locale page."
https://vidssave.com/id/ins/video,sitemap,not fetched,,,localized page,language-specific search,not analyzed,locale: id,,not offered on SaveFromNet,excluded to protect relevance and quality,,NOT RECOMMENDED,no,"No original, verified translation or locale-specific downloader is available; do not generate a thin locale page."
https://vidssave.com/id/photo,internal link,not fetched,,,localized page,language-specific search,not analyzed,locale: id,,not offered on SaveFromNet,excluded to protect relevance and quality,,NOT RECOMMENDED,no,"No original, verified translation or locale-specific downloader is available; do not generate a thin locale page."
https://vidssave.com/id/pin,sitemap,not fetched,,,localized page,language-specific search,not analyzed,locale: id,,not offered on SaveFromNet,excluded to protect relevance and quality,,NOT RECOMMENDED,no,"No original, verified translation or locale-specific downloader is available; do not generate a thin locale page."
https://vidssave.com/id/pin/pinterest-gif-downloader,sitemap,not fetched,,,localized page,language-specific search,not analyzed,locale: id,,not offered on SaveFromNet,excluded to protect relevance and quality,,NOT RECOMMENDED,no,"No original, verified translation or locale-specific downloader is available; do not generate a thin locale page."
https://vidssave.com/id/pin/why-is-pinterest-not-letting-me-download,sitemap,not fetched,,,localized page,language-specific search,not analyzed,locale: id,,not offered on SaveFromNet,excluded to protect relevance and quality,,NOT RECOMMENDED,no,"No original, verified translation or locale-specific downloader is available; do not generate a thin locale page."
https://vidssave.com/id/platform-supports,sitemap,not fetched,,,localized page,language-specific search,not analyzed,locale: id,,not offered on SaveFromNet,excluded to protect relevance and quality,,NOT RECOMMENDED,no,"No original, verified translation or locale-specific downloader is available; do not generate a thin locale page."
https://vidssave.com/id/privacy,sitemap,not fetched,,,localized page,language-specific search,not analyzed,locale: id,,not offered on SaveFromNet,excluded to protect relevance and quality,,NOT RECOMMENDED,no,"No original, verified translation or locale-specific downloader is available; do not generate a thin locale page."
https://vidssave.com/id/profile,internal link,not fetched,,,localized page,language-specific search,not analyzed,locale: id,,not offered on SaveFromNet,excluded to protect relevance and quality,,NOT RECOMMENDED,no,"No original, verified translation or locale-specific downloader is available; do not generate a thin locale page."
https://vidssave.com/id/reddit,sitemap,not fetched,,,localized page,language-specific search,not analyzed,locale: id,,not offered on SaveFromNet,excluded to protect relevance and quality,,NOT RECOMMENDED,no,"No original, verified translation or locale-specific downloader is available; do not generate a thin locale page."
https://vidssave.com/id/reels,internal link,not fetched,,,localized page,language-specific search,not analyzed,locale: id,,not offered on SaveFromNet,excluded to protect relevance and quality,,NOT RECOMMENDED,no,"No original, verified translation or locale-specific downloader is available; do not generate a thin locale page."
https://vidssave.com/id/story,internal link,not fetched,,,localized page,language-specific search,not analyzed,locale: id,,not offered on SaveFromNet,excluded to protect relevance and quality,,NOT RECOMMENDED,no,"No original, verified translation or locale-specific downloader is available; do not generate a thin locale page."
https://vidssave.com/id/terms,sitemap,not fetched,,,localized page,language-specific search,not analyzed,locale: id,,not offered on SaveFromNet,excluded to protect relevance and quality,,NOT RECOMMENDED,no,"No original, verified translation or locale-specific downloader is available; do not generate a thin locale page."
https://vidssave.com/id/threads,sitemap,not fetched,,,localized page,language-specific search,not analyzed,locale: id,,not offered on SaveFromNet,excluded to protect relevance and quality,,NOT RECOMMENDED,no,"No original, verified translation or locale-specific downloader is available; do not generate a thin locale page."
https://vidssave.com/id/tiktok,sitemap,not fetched,,,localized page,language-specific search,not analyzed,locale: id,,not offered on SaveFromNet,excluded to protect relevance and quality,,NOT RECOMMENDED,no,"No original, verified translation or locale-specific downloader is available; do not generate a thin locale page."
https://vidssave.com/id/tiktok-mp3-download,internal link,not fetched,,,localized page,language-specific search,not analyzed,locale: id,,not offered on SaveFromNet,excluded to protect relevance and quality,,NOT RECOMMENDED,no,"No original, verified translation or locale-specific downloader is available; do not generate a thin locale page."
https://vidssave.com/id/tiktok-story-downloader,sitemap,not fetched,,,localized page,language-specific search,not analyzed,locale: id,,not offered on SaveFromNet,excluded to protect relevance and quality,,NOT RECOMMENDED,no,"No original, verified translation or locale-specific downloader is available; do not generate a thin locale page."
https://vidssave.com/id/tiktok-to-mp3,sitemap,not fetched,,,localized page,language-specific search,not analyzed,locale: id,,not offered on SaveFromNet,excluded to protect relevance and quality,,NOT RECOMMENDED,no,"No original, verified translation or locale-specific downloader is available; do not generate a thin locale page."
https://vidssave.com/id/tiktok/how-to-download-tiktok-sounds,sitemap,not fetched,,,localized page,language-specific search,not analyzed,locale: id,,not offered on SaveFromNet,excluded to protect relevance and quality,,NOT RECOMMENDED,no,"No original, verified translation or locale-specific downloader is available; do not generate a thin locale page."
https://vidssave.com/id/topic/the-backrooms-movie,internal link,not fetched,,,localized page,language-specific search,not analyzed,locale: id,,not offered on SaveFromNet,excluded to protect relevance and quality,,NOT RECOMMENDED,no,"No original, verified translation or locale-specific downloader is available; do not generate a thin locale page."
https://vidssave.com/id/twitter-gif-downloader,sitemap,not fetched,,,localized page,language-specific search,not analyzed,locale: id,,not offered on SaveFromNet,excluded to protect relevance and quality,,NOT RECOMMENDED,no,"No original, verified translation or locale-specific downloader is available; do not generate a thin locale page."
https://vidssave.com/id/video,internal link,not fetched,,,localized page,language-specific search,not analyzed,locale: id,,not offered on SaveFromNet,excluded to protect relevance and quality,,NOT RECOMMENDED,no,"No original, verified translation or locale-specific downloader is available; do not generate a thin locale page."
https://vidssave.com/id/x,sitemap,not fetched,,,localized page,language-specific search,not analyzed,locale: id,,not offered on SaveFromNet,excluded to protect relevance and quality,,NOT RECOMMENDED,no,"No original, verified translation or locale-specific downloader is available; do not generate a thin locale page."
https://vidssave.com/id/youtube-audio-downloader,sitemap,not fetched,,,localized page,language-specific search,not analyzed,locale: id,,not offered on SaveFromNet,excluded to protect relevance and quality,,NOT RECOMMENDED,no,"No original, verified translation or locale-specific downloader is available; do not generate a thin locale page."
https://vidssave.com/id/youtube-movies,sitemap,not fetched,,,localized page,language-specific search,not analyzed,locale: id,,not offered on SaveFromNet,excluded to protect relevance and quality,,NOT RECOMMENDED,no,"No original, verified translation or locale-specific downloader is available; do not generate a thin locale page."
https://vidssave.com/id/youtube-music-download,sitemap,not fetched,,,localized page,language-specific search,not analyzed,locale: id,,not offered on SaveFromNet,excluded to protect relevance and quality,,NOT RECOMMENDED,no,"No original, verified translation or locale-specific downloader is available; do not generate a thin locale page."
https://vidssave.com/id/youtube-shorts-download,sitemap,not fetched,,,localized page,language-specific search,not analyzed,locale: id,,not offered on SaveFromNet,excluded to protect relevance and quality,,NOT RECOMMENDED,no,"No original, verified translation or locale-specific downloader is available; do not generate a thin locale page."
https://vidssave.com/id/youtube-song-downloader,sitemap,not fetched,,,localized page,language-specific search,not analyzed,locale: id,,not offered on SaveFromNet,excluded to protect relevance and quality,,NOT RECOMMENDED,no,"No original, verified translation or locale-specific downloader is available; do not generate a thin locale page."
https://vidssave.com/id/youtube-to-mp3,sitemap,not fetched,,,localized page,language-specific search,not analyzed,locale: id,,not offered on SaveFromNet,excluded to protect relevance and quality,,NOT RECOMMENDED,no,"No original, verified translation or locale-specific downloader is available; do not generate a thin locale page."
https://vidssave.com/id/youtube-to-mp4,sitemap,not fetched,,,localized page,language-specific search,not analyzed,locale: id,,not offered on SaveFromNet,excluded to protect relevance and quality,,NOT RECOMMENDED,no,"No original, verified translation or locale-specific downloader is available; do not generate a thin locale page."
https://vidssave.com/id/youtube-to-mp4-1mf,internal link,not fetched,,,localized page,language-specific search,not analyzed,locale: id,,not offered on SaveFromNet,excluded to protect relevance and quality,,NOT RECOMMENDED,no,"No original, verified translation or locale-specific downloader is available; do not generate a thin locale page."
https://vidssave.com/id/yt-downloader,sitemap,not fetched,,,localized page,language-specific search,not analyzed,locale: id,,not offered on SaveFromNet,excluded to protect relevance and quality,,NOT RECOMMENDED,no,"No original, verified translation or locale-specific downloader is available; do not generate a thin locale page."
https://vidssave.com/id/yt/how-to-download-youtube-shorts,sitemap,not fetched,,,localized page,language-specific search,not analyzed,locale: id,,not offered on SaveFromNet,excluded to protect relevance and quality,,NOT RECOMMENDED,no,"No original, verified translation or locale-specific downloader is available; do not generate a thin locale page."
https://vidssave.com/id/yt/how-to-extract-audio-from-youtube-video,sitemap,not fetched,,,localized page,language-specific search,not analyzed,locale: id,,not offered on SaveFromNet,excluded to protect relevance and quality,,NOT RECOMMENDED,no,"No original, verified translation or locale-specific downloader is available; do not generate a thin locale page."
https://vidssave.com/id/yt/why-cannot-i-download-youtube-videos,sitemap,not fetched,,,localized page,language-specific search,not analyzed,locale: id,,not offered on SaveFromNet,excluded to protect relevance and quality,,NOT RECOMMENDED,no,"No original, verified translation or locale-specific downloader is available; do not generate a thin locale page."
https://vidssave.com/id/yt/why-is-there-no-sound-after-downloading-youtube-video,sitemap,not fetched,,,localized page,language-specific search,not analyzed,locale: id,,not offered on SaveFromNet,excluded to protect relevance and quality,,NOT RECOMMENDED,no,"No original, verified translation or locale-specific downloader is available; do not generate a thin locale page."
https://vidssave.com/igtv,internal link,not fetched,,,linked alias or ancillary page,unverified distinct intent,unverified distinct intent,igtv,,not offered on SaveFromNet,excluded to protect relevance and quality,,NOT RECOMMENDED,no,Linked but not a distinct sitemap target; verify need and functionality before creating a page.
https://vidssave.com/index-3tz,sitemap,200,https://vidssave.com/index-3tz,https://vidssave.com/index-3tz,home,general media download,general media download,index-3tz,https://vidssave.com/about | https://vidssave.com/ar/home | https://vidssave.com/bn/home | https://vidssave.com/dailymotion | https://vidssave.com/dailymotion-1mf | https://vidssave.com/de/home | https://vidssave.com/es/index-3tz | https://vidssave.com/extension,working downloader or content,answer general media download,https://savefromnet.fun/,IMPLEMENTED,yes,Mapped by supported function and intent; reference design and copy were not reused.
https://vidssave.com/ins,sitemap,200,https://savefromins.com/,https://savefromins.com,tool redirect,Instagram download,Instagram download,ins,https://vidssave.com/ | https://vidssave.com/ar | https://vidssave.com/bn | https://vidssave.com/carousel | https://vidssave.com/de | https://vidssave.com/en | https://vidssave.com/es | https://vidssave.com/faq,working downloader or content,answer Instagram download,https://savefromnet.fun/instagram-downloader,IMPLEMENTED,yes,Mapped by supported function and intent; reference design and copy were not reused.
https://vidssave.com/ins/carousel,sitemap,200,https://savefromins.com/carousel,https://savefromins.com/carousel,tool redirect,Instagram carousel download,Instagram carousel download,ins,https://vidssave.com/ | https://vidssave.com/ar/carousel | https://vidssave.com/bn/carousel | https://vidssave.com/carousel | https://vidssave.com/de/carousel | https://vidssave.com/en/carousel | https://vidssave.com/es/carousel | https://vidssave.com/faq,working downloader or content,answer Instagram carousel download,https://savefromnet.fun/instagram-carousel-downloader,IMPLEMENTED,yes,Mapped by supported function and intent; reference design and copy were not reused.
https://vidssave.com/ins/how-to-download-instagram-photos-in-hd,sitemap,200,https://vidssave.com/ins/how-to-download-instagram-photos-in-hd,https://vidssave.com/ins/how-to-download-instagram-photos-in-hd,guide,Instagram photo quality,Instagram photo quality,ins,https://vidssave.com/about | https://vidssave.com/ar/ins/how-to-download-instagram-photos-in-hd | https://vidssave.com/bn/ins/how-to-download-instagram-photos-in-hd | https://vidssave.com/dailymotion | https://vidssave.com/dailymotion-1mf | https://vidssave.com/de/ins/how-to-download-instagram-photos-in-hd | https://vidssave.com/es/ins/how-to-download-instagram-photos-in-hd | https://vidssave.com/extension,working downloader or content,answer Instagram photo quality,https://savefromnet.fun/instagram-photo-downloader,CONSOLIDATED,yes,Mapped by supported function and intent; reference design and copy were not reused.
https://vidssave.com/ins/photo,sitemap,200,https://savefromins.com/photo,https://savefromins.com/photo,tool redirect,Instagram photo download,Instagram photo download,ins,https://vidssave.com/ | https://vidssave.com/ar/photo | https://vidssave.com/bn/photo | https://vidssave.com/carousel | https://vidssave.com/de/photo | https://vidssave.com/en/photo | https://vidssave.com/es/photo | https://vidssave.com/faq,working downloader or content,answer Instagram photo download,https://savefromnet.fun/instagram-photo-downloader,IMPLEMENTED,yes,Mapped by supported function and intent; reference design and copy were not reused.
https://vidssave.com/ins/profile,sitemap,200,https://savefromins.com/profile,https://savefromins.com/profile,tool redirect,Instagram public profile media,Instagram public profile media,ins,https://vidssave.com/ | https://vidssave.com/ar/profile | https://vidssave.com/bn/profile | https://vidssave.com/carousel | https://vidssave.com/de/profile | https://vidssave.com/en/profile | https://vidssave.com/es/profile | https://vidssave.com/faq,working downloader or content,answer Instagram public profile media,https://savefromnet.fun/instagram-profile-downloader,IMPLEMENTED,yes,Mapped by supported function and intent; reference design and copy were not reused.
https://vidssave.com/ins/reels,sitemap,200,https://savefromins.com/reels,https://savefromins.com/reels,tool redirect,Instagram Reels download,Instagram Reels download,ins,https://vidssave.com/ | https://vidssave.com/ar/reels | https://vidssave.com/bn/reels | https://vidssave.com/carousel | https://vidssave.com/de/reels | https://vidssave.com/en/reels | https://vidssave.com/es/reels | https://vidssave.com/faq,working downloader or content,answer Instagram Reels download,https://savefromnet.fun/instagram-reels-downloader,IMPLEMENTED,yes,Mapped by supported function and intent; reference design and copy were not reused.
https://vidssave.com/ins/story,sitemap,200,https://savefromins.com/story,https://savefromins.com/story,tool redirect,Instagram Story download,Instagram Story download,ins,https://vidssave.com/ | https://vidssave.com/ar/story | https://vidssave.com/bn/story | https://vidssave.com/carousel | https://vidssave.com/de/story | https://vidssave.com/en/story | https://vidssave.com/es/story | https://vidssave.com/faq,working downloader or content,answer Instagram Story download,https://savefromnet.fun/instagram-story-downloader,IMPLEMENTED,yes,Mapped by supported function and intent; reference design and copy were not reused.
https://vidssave.com/ins/video,sitemap,200,https://savefromins.com/video,https://savefromins.com/video,tool redirect,Instagram video download,Instagram video download,ins,https://vidssave.com/ | https://vidssave.com/ar/video | https://vidssave.com/bn/video | https://vidssave.com/carousel | https://vidssave.com/de/video | https://vidssave.com/en/video | https://vidssave.com/es/video | https://vidssave.com/faq,working downloader or content,answer Instagram video download,https://savefromnet.fun/instagram-video-downloader,IMPLEMENTED,yes,Mapped by supported function and intent; reference design and copy were not reused.
https://vidssave.com/it,internal link,not fetched,,,localized page,language-specific search,not analyzed,locale: it,,not offered on SaveFromNet,excluded to protect relevance and quality,,NOT RECOMMENDED,no,"No original, verified translation or locale-specific downloader is available; do not generate a thin locale page."
https://vidssave.com/it/about,sitemap,not fetched,,,localized page,language-specific search,not analyzed,locale: it,,not offered on SaveFromNet,excluded to protect relevance and quality,,NOT RECOMMENDED,no,"No original, verified translation or locale-specific downloader is available; do not generate a thin locale page."
https://vidssave.com/it/carousel,internal link,not fetched,,,localized page,language-specific search,not analyzed,locale: it,,not offered on SaveFromNet,excluded to protect relevance and quality,,NOT RECOMMENDED,no,"No original, verified translation or locale-specific downloader is available; do not generate a thin locale page."
https://vidssave.com/it/dailymotion,sitemap,not fetched,,,localized page,language-specific search,not analyzed,locale: it,,not offered on SaveFromNet,excluded to protect relevance and quality,,NOT RECOMMENDED,no,"No original, verified translation or locale-specific downloader is available; do not generate a thin locale page."
https://vidssave.com/it/extension,sitemap,not fetched,,,localized page,language-specific search,not analyzed,locale: it,,not offered on SaveFromNet,excluded to protect relevance and quality,,NOT RECOMMENDED,no,"No original, verified translation or locale-specific downloader is available; do not generate a thin locale page."
https://vidssave.com/it/extension/chrome,sitemap,not fetched,,,localized page,language-specific search,not analyzed,locale: it,,not offered on SaveFromNet,excluded to protect relevance and quality,,NOT RECOMMENDED,no,"No original, verified translation or locale-specific downloader is available; do not generate a thin locale page."
https://vidssave.com/it/facebook,sitemap,not fetched,,,localized page,language-specific search,not analyzed,locale: it,,not offered on SaveFromNet,excluded to protect relevance and quality,,NOT RECOMMENDED,no,"No original, verified translation or locale-specific downloader is available; do not generate a thin locale page."
https://vidssave.com/it/home,sitemap,not fetched,,,localized page,language-specific search,not analyzed,locale: it,,not offered on SaveFromNet,excluded to protect relevance and quality,,NOT RECOMMENDED,no,"No original, verified translation or locale-specific downloader is available; do not generate a thin locale page."
https://vidssave.com/it/ins,sitemap,not fetched,,,localized page,language-specific search,not analyzed,locale: it,,not offered on SaveFromNet,excluded to protect relevance and quality,,NOT RECOMMENDED,no,"No original, verified translation or locale-specific downloader is available; do not generate a thin locale page."
https://vidssave.com/it/ins/carousel,sitemap,not fetched,,,localized page,language-specific search,not analyzed,locale: it,,not offered on SaveFromNet,excluded to protect relevance and quality,,NOT RECOMMENDED,no,"No original, verified translation or locale-specific downloader is available; do not generate a thin locale page."
https://vidssave.com/it/ins/how-to-download-instagram-photos-in-hd,sitemap,not fetched,,,localized page,language-specific search,not analyzed,locale: it,,not offered on SaveFromNet,excluded to protect relevance and quality,,NOT RECOMMENDED,no,"No original, verified translation or locale-specific downloader is available; do not generate a thin locale page."
https://vidssave.com/it/ins/photo,sitemap,not fetched,,,localized page,language-specific search,not analyzed,locale: it,,not offered on SaveFromNet,excluded to protect relevance and quality,,NOT RECOMMENDED,no,"No original, verified translation or locale-specific downloader is available; do not generate a thin locale page."
https://vidssave.com/it/ins/profile,sitemap,not fetched,,,localized page,language-specific search,not analyzed,locale: it,,not offered on SaveFromNet,excluded to protect relevance and quality,,NOT RECOMMENDED,no,"No original, verified translation or locale-specific downloader is available; do not generate a thin locale page."
https://vidssave.com/it/ins/reels,sitemap,not fetched,,,localized page,language-specific search,not analyzed,locale: it,,not offered on SaveFromNet,excluded to protect relevance and quality,,NOT RECOMMENDED,no,"No original, verified translation or locale-specific downloader is available; do not generate a thin locale page."
https://vidssave.com/it/ins/story,sitemap,not fetched,,,localized page,language-specific search,not analyzed,locale: it,,not offered on SaveFromNet,excluded to protect relevance and quality,,NOT RECOMMENDED,no,"No original, verified translation or locale-specific downloader is available; do not generate a thin locale page."
https://vidssave.com/it/ins/video,sitemap,not fetched,,,localized page,language-specific search,not analyzed,locale: it,,not offered on SaveFromNet,excluded to protect relevance and quality,,NOT RECOMMENDED,no,"No original, verified translation or locale-specific downloader is available; do not generate a thin locale page."
https://vidssave.com/it/photo,internal link,not fetched,,,localized page,language-specific search,not analyzed,locale: it,,not offered on SaveFromNet,excluded to protect relevance and quality,,NOT RECOMMENDED,no,"No original, verified translation or locale-specific downloader is available; do not generate a thin locale page."
https://vidssave.com/it/pin,sitemap,not fetched,,,localized page,language-specific search,not analyzed,locale: it,,not offered on SaveFromNet,excluded to protect relevance and quality,,NOT RECOMMENDED,no,"No original, verified translation or locale-specific downloader is available; do not generate a thin locale page."
https://vidssave.com/it/pin/pinterest-gif-downloader,sitemap,not fetched,,,localized page,language-specific search,not analyzed,locale: it,,not offered on SaveFromNet,excluded to protect relevance and quality,,NOT RECOMMENDED,no,"No original, verified translation or locale-specific downloader is available; do not generate a thin locale page."
https://vidssave.com/it/pin/why-is-pinterest-not-letting-me-download,sitemap,not fetched,,,localized page,language-specific search,not analyzed,locale: it,,not offered on SaveFromNet,excluded to protect relevance and quality,,NOT RECOMMENDED,no,"No original, verified translation or locale-specific downloader is available; do not generate a thin locale page."
https://vidssave.com/it/platform-supports,sitemap,not fetched,,,localized page,language-specific search,not analyzed,locale: it,,not offered on SaveFromNet,excluded to protect relevance and quality,,NOT RECOMMENDED,no,"No original, verified translation or locale-specific downloader is available; do not generate a thin locale page."
https://vidssave.com/it/privacy,sitemap,not fetched,,,localized page,language-specific search,not analyzed,locale: it,,not offered on SaveFromNet,excluded to protect relevance and quality,,NOT RECOMMENDED,no,"No original, verified translation or locale-specific downloader is available; do not generate a thin locale page."
https://vidssave.com/it/profile,internal link,not fetched,,,localized page,language-specific search,not analyzed,locale: it,,not offered on SaveFromNet,excluded to protect relevance and quality,,NOT RECOMMENDED,no,"No original, verified translation or locale-specific downloader is available; do not generate a thin locale page."
https://vidssave.com/it/reddit,sitemap,not fetched,,,localized page,language-specific search,not analyzed,locale: it,,not offered on SaveFromNet,excluded to protect relevance and quality,,NOT RECOMMENDED,no,"No original, verified translation or locale-specific downloader is available; do not generate a thin locale page."
https://vidssave.com/it/reels,internal link,not fetched,,,localized page,language-specific search,not analyzed,locale: it,,not offered on SaveFromNet,excluded to protect relevance and quality,,NOT RECOMMENDED,no,"No original, verified translation or locale-specific downloader is available; do not generate a thin locale page."
https://vidssave.com/it/story,internal link,not fetched,,,localized page,language-specific search,not analyzed,locale: it,,not offered on SaveFromNet,excluded to protect relevance and quality,,NOT RECOMMENDED,no,"No original, verified translation or locale-specific downloader is available; do not generate a thin locale page."
https://vidssave.com/it/terms,sitemap,not fetched,,,localized page,language-specific search,not analyzed,locale: it,,not offered on SaveFromNet,excluded to protect relevance and quality,,NOT RECOMMENDED,no,"No original, verified translation or locale-specific downloader is available; do not generate a thin locale page."
https://vidssave.com/it/threads,sitemap,not fetched,,,localized page,language-specific search,not analyzed,locale: it,,not offered on SaveFromNet,excluded to protect relevance and quality,,NOT RECOMMENDED,no,"No original, verified translation or locale-specific downloader is available; do not generate a thin locale page."
https://vidssave.com/it/tiktok,sitemap,not fetched,,,localized page,language-specific search,not analyzed,locale: it,,not offered on SaveFromNet,excluded to protect relevance and quality,,NOT RECOMMENDED,no,"No original, verified translation or locale-specific downloader is available; do not generate a thin locale page."
https://vidssave.com/it/tiktok-mp3-download,internal link,not fetched,,,localized page,language-specific search,not analyzed,locale: it,,not offered on SaveFromNet,excluded to protect relevance and quality,,NOT RECOMMENDED,no,"No original, verified translation or locale-specific downloader is available; do not generate a thin locale page."
https://vidssave.com/it/tiktok-story-downloader,sitemap,not fetched,,,localized page,language-specific search,not analyzed,locale: it,,not offered on SaveFromNet,excluded to protect relevance and quality,,NOT RECOMMENDED,no,"No original, verified translation or locale-specific downloader is available; do not generate a thin locale page."
https://vidssave.com/it/tiktok-to-mp3,sitemap,not fetched,,,localized page,language-specific search,not analyzed,locale: it,,not offered on SaveFromNet,excluded to protect relevance and quality,,NOT RECOMMENDED,no,"No original, verified translation or locale-specific downloader is available; do not generate a thin locale page."
https://vidssave.com/it/tiktok/how-to-download-tiktok-sounds,sitemap,not fetched,,,localized page,language-specific search,not analyzed,locale: it,,not offered on SaveFromNet,excluded to protect relevance and quality,,NOT RECOMMENDED,no,"No original, verified translation or locale-specific downloader is available; do not generate a thin locale page."
https://vidssave.com/it/topic/the-backrooms-movie,internal link,not fetched,,,localized page,language-specific search,not analyzed,locale: it,,not offered on SaveFromNet,excluded to protect relevance and quality,,NOT RECOMMENDED,no,"No original, verified translation or locale-specific downloader is available; do not generate a thin locale page."
https://vidssave.com/it/twitter-gif-downloader,sitemap,not fetched,,,localized page,language-specific search,not analyzed,locale: it,,not offered on SaveFromNet,excluded to protect relevance and quality,,NOT RECOMMENDED,no,"No original, verified translation or locale-specific downloader is available; do not generate a thin locale page."
https://vidssave.com/it/video,internal link,not fetched,,,localized page,language-specific search,not analyzed,locale: it,,not offered on SaveFromNet,excluded to protect relevance and quality,,NOT RECOMMENDED,no,"No original, verified translation or locale-specific downloader is available; do not generate a thin locale page."
https://vidssave.com/it/x,sitemap,not fetched,,,localized page,language-specific search,not analyzed,locale: it,,not offered on SaveFromNet,excluded to protect relevance and quality,,NOT RECOMMENDED,no,"No original, verified translation or locale-specific downloader is available; do not generate a thin locale page."
https://vidssave.com/it/youtube-audio-downloader,sitemap,not fetched,,,localized page,language-specific search,not analyzed,locale: it,,not offered on SaveFromNet,excluded to protect relevance and quality,,NOT RECOMMENDED,no,"No original, verified translation or locale-specific downloader is available; do not generate a thin locale page."
https://vidssave.com/it/youtube-movies,sitemap,not fetched,,,localized page,language-specific search,not analyzed,locale: it,,not offered on SaveFromNet,excluded to protect relevance and quality,,NOT RECOMMENDED,no,"No original, verified translation or locale-specific downloader is available; do not generate a thin locale page."
https://vidssave.com/it/youtube-music-download,sitemap,not fetched,,,localized page,language-specific search,not analyzed,locale: it,,not offered on SaveFromNet,excluded to protect relevance and quality,,NOT RECOMMENDED,no,"No original, verified translation or locale-specific downloader is available; do not generate a thin locale page."
https://vidssave.com/it/youtube-shorts-download,sitemap,not fetched,,,localized page,language-specific search,not analyzed,locale: it,,not offered on SaveFromNet,excluded to protect relevance and quality,,NOT RECOMMENDED,no,"No original, verified translation or locale-specific downloader is available; do not generate a thin locale page."
https://vidssave.com/it/youtube-song-downloader,sitemap,not fetched,,,localized page,language-specific search,not analyzed,locale: it,,not offered on SaveFromNet,excluded to protect relevance and quality,,NOT RECOMMENDED,no,"No original, verified translation or locale-specific downloader is available; do not generate a thin locale page."
https://vidssave.com/it/youtube-to-mp3,sitemap,not fetched,,,localized page,language-specific search,not analyzed,locale: it,,not offered on SaveFromNet,excluded to protect relevance and quality,,NOT RECOMMENDED,no,"No original, verified translation or locale-specific downloader is available; do not generate a thin locale page."
https://vidssave.com/it/youtube-to-mp4,sitemap,not fetched,,,localized page,language-specific search,not analyzed,locale: it,,not offered on SaveFromNet,excluded to protect relevance and quality,,NOT RECOMMENDED,no,"No original, verified translation or locale-specific downloader is available; do not generate a thin locale page."
https://vidssave.com/it/yt-2az,sitemap,not fetched,,,localized page,language-specific search,not analyzed,locale: it,,not offered on SaveFromNet,excluded to protect relevance and quality,,NOT RECOMMENDED,no,"No original, verified translation or locale-specific downloader is available; do not generate a thin locale page."
https://vidssave.com/it/yt-downloader,sitemap,not fetched,,,localized page,language-specific search,not analyzed,locale: it,,not offered on SaveFromNet,excluded to protect relevance and quality,,NOT RECOMMENDED,no,"No original, verified translation or locale-specific downloader is available; do not generate a thin locale page."
https://vidssave.com/it/yt/how-to-download-youtube-shorts,sitemap,not fetched,,,localized page,language-specific search,not analyzed,locale: it,,not offered on SaveFromNet,excluded to protect relevance and quality,,NOT RECOMMENDED,no,"No original, verified translation or locale-specific downloader is available; do not generate a thin locale page."
https://vidssave.com/it/yt/how-to-extract-audio-from-youtube-video,sitemap,not fetched,,,localized page,language-specific search,not analyzed,locale: it,,not offered on SaveFromNet,excluded to protect relevance and quality,,NOT RECOMMENDED,no,"No original, verified translation or locale-specific downloader is available; do not generate a thin locale page."
https://vidssave.com/it/yt/why-cannot-i-download-youtube-videos,sitemap,not fetched,,,localized page,language-specific search,not analyzed,locale: it,,not offered on SaveFromNet,excluded to protect relevance and quality,,NOT RECOMMENDED,no,"No original, verified translation or locale-specific downloader is available; do not generate a thin locale page."
https://vidssave.com/it/yt/why-is-there-no-sound-after-downloading-youtube-video,sitemap,not fetched,,,localized page,language-specific search,not analyzed,locale: it,,not offered on SaveFromNet,excluded to protect relevance and quality,,NOT RECOMMENDED,no,"No original, verified translation or locale-specific downloader is available; do not generate a thin locale page."
https://vidssave.com/ja,internal link,not fetched,,,localized page,language-specific search,not analyzed,locale: ja,,not offered on SaveFromNet,excluded to protect relevance and quality,,NOT RECOMMENDED,no,"No original, verified translation or locale-specific downloader is available; do not generate a thin locale page."
https://vidssave.com/ja/about,sitemap,not fetched,,,localized page,language-specific search,not analyzed,locale: ja,,not offered on SaveFromNet,excluded to protect relevance and quality,,NOT RECOMMENDED,no,"No original, verified translation or locale-specific downloader is available; do not generate a thin locale page."
https://vidssave.com/ja/carousel,internal link,not fetched,,,localized page,language-specific search,not analyzed,locale: ja,,not offered on SaveFromNet,excluded to protect relevance and quality,,NOT RECOMMENDED,no,"No original, verified translation or locale-specific downloader is available; do not generate a thin locale page."
https://vidssave.com/ja/dailymotion,sitemap,not fetched,,,localized page,language-specific search,not analyzed,locale: ja,,not offered on SaveFromNet,excluded to protect relevance and quality,,NOT RECOMMENDED,no,"No original, verified translation or locale-specific downloader is available; do not generate a thin locale page."
https://vidssave.com/ja/extension,sitemap,not fetched,,,localized page,language-specific search,not analyzed,locale: ja,,not offered on SaveFromNet,excluded to protect relevance and quality,,NOT RECOMMENDED,no,"No original, verified translation or locale-specific downloader is available; do not generate a thin locale page."
https://vidssave.com/ja/extension/chrome,sitemap,not fetched,,,localized page,language-specific search,not analyzed,locale: ja,,not offered on SaveFromNet,excluded to protect relevance and quality,,NOT RECOMMENDED,no,"No original, verified translation or locale-specific downloader is available; do not generate a thin locale page."
https://vidssave.com/ja/facebook,sitemap,not fetched,,,localized page,language-specific search,not analyzed,locale: ja,,not offered on SaveFromNet,excluded to protect relevance and quality,,NOT RECOMMENDED,no,"No original, verified translation or locale-specific downloader is available; do not generate a thin locale page."
https://vidssave.com/ja/home,sitemap,not fetched,,,localized page,language-specific search,not analyzed,locale: ja,,not offered on SaveFromNet,excluded to protect relevance and quality,,NOT RECOMMENDED,no,"No original, verified translation or locale-specific downloader is available; do not generate a thin locale page."
https://vidssave.com/ja/ins,sitemap,not fetched,,,localized page,language-specific search,not analyzed,locale: ja,,not offered on SaveFromNet,excluded to protect relevance and quality,,NOT RECOMMENDED,no,"No original, verified translation or locale-specific downloader is available; do not generate a thin locale page."
https://vidssave.com/ja/ins/carousel,sitemap,not fetched,,,localized page,language-specific search,not analyzed,locale: ja,,not offered on SaveFromNet,excluded to protect relevance and quality,,NOT RECOMMENDED,no,"No original, verified translation or locale-specific downloader is available; do not generate a thin locale page."
https://vidssave.com/ja/ins/how-to-download-instagram-photos-in-hd,sitemap,not fetched,,,localized page,language-specific search,not analyzed,locale: ja,,not offered on SaveFromNet,excluded to protect relevance and quality,,NOT RECOMMENDED,no,"No original, verified translation or locale-specific downloader is available; do not generate a thin locale page."
https://vidssave.com/ja/ins/photo,sitemap,not fetched,,,localized page,language-specific search,not analyzed,locale: ja,,not offered on SaveFromNet,excluded to protect relevance and quality,,NOT RECOMMENDED,no,"No original, verified translation or locale-specific downloader is available; do not generate a thin locale page."
https://vidssave.com/ja/ins/profile,sitemap,not fetched,,,localized page,language-specific search,not analyzed,locale: ja,,not offered on SaveFromNet,excluded to protect relevance and quality,,NOT RECOMMENDED,no,"No original, verified translation or locale-specific downloader is available; do not generate a thin locale page."
https://vidssave.com/ja/ins/reels,sitemap,not fetched,,,localized page,language-specific search,not analyzed,locale: ja,,not offered on SaveFromNet,excluded to protect relevance and quality,,NOT RECOMMENDED,no,"No original, verified translation or locale-specific downloader is available; do not generate a thin locale page."
https://vidssave.com/ja/ins/story,sitemap,not fetched,,,localized page,language-specific search,not analyzed,locale: ja,,not offered on SaveFromNet,excluded to protect relevance and quality,,NOT RECOMMENDED,no,"No original, verified translation or locale-specific downloader is available; do not generate a thin locale page."
https://vidssave.com/ja/ins/video,sitemap,not fetched,,,localized page,language-specific search,not analyzed,locale: ja,,not offered on SaveFromNet,excluded to protect relevance and quality,,NOT RECOMMENDED,no,"No original, verified translation or locale-specific downloader is available; do not generate a thin locale page."
https://vidssave.com/ja/photo,internal link,not fetched,,,localized page,language-specific search,not analyzed,locale: ja,,not offered on SaveFromNet,excluded to protect relevance and quality,,NOT RECOMMENDED,no,"No original, verified translation or locale-specific downloader is available; do not generate a thin locale page."
https://vidssave.com/ja/pin,sitemap,not fetched,,,localized page,language-specific search,not analyzed,locale: ja,,not offered on SaveFromNet,excluded to protect relevance and quality,,NOT RECOMMENDED,no,"No original, verified translation or locale-specific downloader is available; do not generate a thin locale page."
https://vidssave.com/ja/pin/pinterest-gif-downloader,sitemap,not fetched,,,localized page,language-specific search,not analyzed,locale: ja,,not offered on SaveFromNet,excluded to protect relevance and quality,,NOT RECOMMENDED,no,"No original, verified translation or locale-specific downloader is available; do not generate a thin locale page."
https://vidssave.com/ja/pin/why-is-pinterest-not-letting-me-download,sitemap,not fetched,,,localized page,language-specific search,not analyzed,locale: ja,,not offered on SaveFromNet,excluded to protect relevance and quality,,NOT RECOMMENDED,no,"No original, verified translation or locale-specific downloader is available; do not generate a thin locale page."
https://vidssave.com/ja/platform-supports,sitemap,not fetched,,,localized page,language-specific search,not analyzed,locale: ja,,not offered on SaveFromNet,excluded to protect relevance and quality,,NOT RECOMMENDED,no,"No original, verified translation or locale-specific downloader is available; do not generate a thin locale page."
https://vidssave.com/ja/privacy,sitemap,not fetched,,,localized page,language-specific search,not analyzed,locale: ja,,not offered on SaveFromNet,excluded to protect relevance and quality,,NOT RECOMMENDED,no,"No original, verified translation or locale-specific downloader is available; do not generate a thin locale page."
https://vidssave.com/ja/profile,internal link,not fetched,,,localized page,language-specific search,not analyzed,locale: ja,,not offered on SaveFromNet,excluded to protect relevance and quality,,NOT RECOMMENDED,no,"No original, verified translation or locale-specific downloader is available; do not generate a thin locale page."
https://vidssave.com/ja/reddit,sitemap,not fetched,,,localized page,language-specific search,not analyzed,locale: ja,,not offered on SaveFromNet,excluded to protect relevance and quality,,NOT RECOMMENDED,no,"No original, verified translation or locale-specific downloader is available; do not generate a thin locale page."
https://vidssave.com/ja/reels,internal link,not fetched,,,localized page,language-specific search,not analyzed,locale: ja,,not offered on SaveFromNet,excluded to protect relevance and quality,,NOT RECOMMENDED,no,"No original, verified translation or locale-specific downloader is available; do not generate a thin locale page."
https://vidssave.com/ja/story,internal link,not fetched,,,localized page,language-specific search,not analyzed,locale: ja,,not offered on SaveFromNet,excluded to protect relevance and quality,,NOT RECOMMENDED,no,"No original, verified translation or locale-specific downloader is available; do not generate a thin locale page."
https://vidssave.com/ja/terms,sitemap,not fetched,,,localized page,language-specific search,not analyzed,locale: ja,,not offered on SaveFromNet,excluded to protect relevance and quality,,NOT RECOMMENDED,no,"No original, verified translation or locale-specific downloader is available; do not generate a thin locale page."
https://vidssave.com/ja/threads,sitemap,not fetched,,,localized page,language-specific search,not analyzed,locale: ja,,not offered on SaveFromNet,excluded to protect relevance and quality,,NOT RECOMMENDED,no,"No original, verified translation or locale-specific downloader is available; do not generate a thin locale page."
https://vidssave.com/ja/tiktok,sitemap,not fetched,,,localized page,language-specific search,not analyzed,locale: ja,,not offered on SaveFromNet,excluded to protect relevance and quality,,NOT RECOMMENDED,no,"No original, verified translation or locale-specific downloader is available; do not generate a thin locale page."
https://vidssave.com/ja/tiktok-mp3-download,internal link,not fetched,,,localized page,language-specific search,not analyzed,locale: ja,,not offered on SaveFromNet,excluded to protect relevance and quality,,NOT RECOMMENDED,no,"No original, verified translation or locale-specific downloader is available; do not generate a thin locale page."
https://vidssave.com/ja/tiktok-story-downloader,sitemap,not fetched,,,localized page,language-specific search,not analyzed,locale: ja,,not offered on SaveFromNet,excluded to protect relevance and quality,,NOT RECOMMENDED,no,"No original, verified translation or locale-specific downloader is available; do not generate a thin locale page."
https://vidssave.com/ja/tiktok-to-mp3,sitemap,not fetched,,,localized page,language-specific search,not analyzed,locale: ja,,not offered on SaveFromNet,excluded to protect relevance and quality,,NOT RECOMMENDED,no,"No original, verified translation or locale-specific downloader is available; do not generate a thin locale page."
https://vidssave.com/ja/tiktok/how-to-download-tiktok-sounds,sitemap,not fetched,,,localized page,language-specific search,not analyzed,locale: ja,,not offered on SaveFromNet,excluded to protect relevance and quality,,NOT RECOMMENDED,no,"No original, verified translation or locale-specific downloader is available; do not generate a thin locale page."
https://vidssave.com/ja/topic/the-backrooms-movie,internal link,not fetched,,,localized page,language-specific search,not analyzed,locale: ja,,not offered on SaveFromNet,excluded to protect relevance and quality,,NOT RECOMMENDED,no,"No original, verified translation or locale-specific downloader is available; do not generate a thin locale page."
https://vidssave.com/ja/twitter-gif-downloader,sitemap,not fetched,,,localized page,language-specific search,not analyzed,locale: ja,,not offered on SaveFromNet,excluded to protect relevance and quality,,NOT RECOMMENDED,no,"No original, verified translation or locale-specific downloader is available; do not generate a thin locale page."
https://vidssave.com/ja/video,internal link,not fetched,,,localized page,language-specific search,not analyzed,locale: ja,,not offered on SaveFromNet,excluded to protect relevance and quality,,NOT RECOMMENDED,no,"No original, verified translation or locale-specific downloader is available; do not generate a thin locale page."
https://vidssave.com/ja/x,sitemap,not fetched,,,localized page,language-specific search,not analyzed,locale: ja,,not offered on SaveFromNet,excluded to protect relevance and quality,,NOT RECOMMENDED,no,"No original, verified translation or locale-specific downloader is available; do not generate a thin locale page."
https://vidssave.com/ja/youtube-audio-downloader,sitemap,not fetched,,,localized page,language-specific search,not analyzed,locale: ja,,not offered on SaveFromNet,excluded to protect relevance and quality,,NOT RECOMMENDED,no,"No original, verified translation or locale-specific downloader is available; do not generate a thin locale page."
https://vidssave.com/ja/youtube-movies,sitemap,not fetched,,,localized page,language-specific search,not analyzed,locale: ja,,not offered on SaveFromNet,excluded to protect relevance and quality,,NOT RECOMMENDED,no,"No original, verified translation or locale-specific downloader is available; do not generate a thin locale page."
https://vidssave.com/ja/youtube-music-download,sitemap,not fetched,,,localized page,language-specific search,not analyzed,locale: ja,,not offered on SaveFromNet,excluded to protect relevance and quality,,NOT RECOMMENDED,no,"No original, verified translation or locale-specific downloader is available; do not generate a thin locale page."
https://vidssave.com/ja/youtube-shorts-download,sitemap,not fetched,,,localized page,language-specific search,not analyzed,locale: ja,,not offered on SaveFromNet,excluded to protect relevance and quality,,NOT RECOMMENDED,no,"No original, verified translation or locale-specific downloader is available; do not generate a thin locale page."
https://vidssave.com/ja/youtube-song-downloader,sitemap,not fetched,,,localized page,language-specific search,not analyzed,locale: ja,,not offered on SaveFromNet,excluded to protect relevance and quality,,NOT RECOMMENDED,no,"No original, verified translation or locale-specific downloader is available; do not generate a thin locale page."
https://vidssave.com/ja/youtube-to-mp3,sitemap,not fetched,,,localized page,language-specific search,not analyzed,locale: ja,,not offered on SaveFromNet,excluded to protect relevance and quality,,NOT RECOMMENDED,no,"No original, verified translation or locale-specific downloader is available; do not generate a thin locale page."
https://vidssave.com/ja/youtube-to-mp4,sitemap,not fetched,,,localized page,language-specific search,not analyzed,locale: ja,,not offered on SaveFromNet,excluded to protect relevance and quality,,NOT RECOMMENDED,no,"No original, verified translation or locale-specific downloader is available; do not generate a thin locale page."
https://vidssave.com/ja/yt,sitemap,not fetched,,,localized page,language-specific search,not analyzed,locale: ja,,not offered on SaveFromNet,excluded to protect relevance and quality,,NOT RECOMMENDED,no,"No original, verified translation or locale-specific downloader is available; do not generate a thin locale page."
https://vidssave.com/ja/yt-downloader,sitemap,not fetched,,,localized page,language-specific search,not analyzed,locale: ja,,not offered on SaveFromNet,excluded to protect relevance and quality,,NOT RECOMMENDED,no,"No original, verified translation or locale-specific downloader is available; do not generate a thin locale page."
https://vidssave.com/ja/yt/how-to-download-youtube-shorts,sitemap,not fetched,,,localized page,language-specific search,not analyzed,locale: ja,,not offered on SaveFromNet,excluded to protect relevance and quality,,NOT RECOMMENDED,no,"No original, verified translation or locale-specific downloader is available; do not generate a thin locale page."
https://vidssave.com/ja/yt/how-to-extract-audio-from-youtube-video,sitemap,not fetched,,,localized page,language-specific search,not analyzed,locale: ja,,not offered on SaveFromNet,excluded to protect relevance and quality,,NOT RECOMMENDED,no,"No original, verified translation or locale-specific downloader is available; do not generate a thin locale page."
https://vidssave.com/ja/yt/why-cannot-i-download-youtube-videos,sitemap,not fetched,,,localized page,language-specific search,not analyzed,locale: ja,,not offered on SaveFromNet,excluded to protect relevance and quality,,NOT RECOMMENDED,no,"No original, verified translation or locale-specific downloader is available; do not generate a thin locale page."
https://vidssave.com/ja/yt/why-is-there-no-sound-after-downloading-youtube-video,sitemap,not fetched,,,localized page,language-specific search,not analyzed,locale: ja,,not offered on SaveFromNet,excluded to protect relevance and quality,,NOT RECOMMENDED,no,"No original, verified translation or locale-specific downloader is available; do not generate a thin locale page."
https://vidssave.com/ko,internal link,not fetched,,,localized page,language-specific search,not analyzed,locale: ko,,not offered on SaveFromNet,excluded to protect relevance and quality,,NOT RECOMMENDED,no,"No original, verified translation or locale-specific downloader is available; do not generate a thin locale page."
https://vidssave.com/ko/about,sitemap,not fetched,,,localized page,language-specific search,not analyzed,locale: ko,,not offered on SaveFromNet,excluded to protect relevance and quality,,NOT RECOMMENDED,no,"No original, verified translation or locale-specific downloader is available; do not generate a thin locale page."
https://vidssave.com/ko/carousel,internal link,not fetched,,,localized page,language-specific search,not analyzed,locale: ko,,not offered on SaveFromNet,excluded to protect relevance and quality,,NOT RECOMMENDED,no,"No original, verified translation or locale-specific downloader is available; do not generate a thin locale page."
https://vidssave.com/ko/dailymotion,sitemap,not fetched,,,localized page,language-specific search,not analyzed,locale: ko,,not offered on SaveFromNet,excluded to protect relevance and quality,,NOT RECOMMENDED,no,"No original, verified translation or locale-specific downloader is available; do not generate a thin locale page."
https://vidssave.com/ko/extension,sitemap,not fetched,,,localized page,language-specific search,not analyzed,locale: ko,,not offered on SaveFromNet,excluded to protect relevance and quality,,NOT RECOMMENDED,no,"No original, verified translation or locale-specific downloader is available; do not generate a thin locale page."
https://vidssave.com/ko/extension/chrome,sitemap,not fetched,,,localized page,language-specific search,not analyzed,locale: ko,,not offered on SaveFromNet,excluded to protect relevance and quality,,NOT RECOMMENDED,no,"No original, verified translation or locale-specific downloader is available; do not generate a thin locale page."
https://vidssave.com/ko/facebook,sitemap,not fetched,,,localized page,language-specific search,not analyzed,locale: ko,,not offered on SaveFromNet,excluded to protect relevance and quality,,NOT RECOMMENDED,no,"No original, verified translation or locale-specific downloader is available; do not generate a thin locale page."
https://vidssave.com/ko/home,sitemap,not fetched,,,localized page,language-specific search,not analyzed,locale: ko,,not offered on SaveFromNet,excluded to protect relevance and quality,,NOT RECOMMENDED,no,"No original, verified translation or locale-specific downloader is available; do not generate a thin locale page."
https://vidssave.com/ko/ins,sitemap,not fetched,,,localized page,language-specific search,not analyzed,locale: ko,,not offered on SaveFromNet,excluded to protect relevance and quality,,NOT RECOMMENDED,no,"No original, verified translation or locale-specific downloader is available; do not generate a thin locale page."
https://vidssave.com/ko/ins/carousel,sitemap,not fetched,,,localized page,language-specific search,not analyzed,locale: ko,,not offered on SaveFromNet,excluded to protect relevance and quality,,NOT RECOMMENDED,no,"No original, verified translation or locale-specific downloader is available; do not generate a thin locale page."
https://vidssave.com/ko/ins/how-to-download-instagram-photos-in-hd,sitemap,not fetched,,,localized page,language-specific search,not analyzed,locale: ko,,not offered on SaveFromNet,excluded to protect relevance and quality,,NOT RECOMMENDED,no,"No original, verified translation or locale-specific downloader is available; do not generate a thin locale page."
https://vidssave.com/ko/ins/photo,sitemap,not fetched,,,localized page,language-specific search,not analyzed,locale: ko,,not offered on SaveFromNet,excluded to protect relevance and quality,,NOT RECOMMENDED,no,"No original, verified translation or locale-specific downloader is available; do not generate a thin locale page."
https://vidssave.com/ko/ins/profile,sitemap,not fetched,,,localized page,language-specific search,not analyzed,locale: ko,,not offered on SaveFromNet,excluded to protect relevance and quality,,NOT RECOMMENDED,no,"No original, verified translation or locale-specific downloader is available; do not generate a thin locale page."
https://vidssave.com/ko/ins/reels,sitemap,not fetched,,,localized page,language-specific search,not analyzed,locale: ko,,not offered on SaveFromNet,excluded to protect relevance and quality,,NOT RECOMMENDED,no,"No original, verified translation or locale-specific downloader is available; do not generate a thin locale page."
https://vidssave.com/ko/ins/story,sitemap,not fetched,,,localized page,language-specific search,not analyzed,locale: ko,,not offered on SaveFromNet,excluded to protect relevance and quality,,NOT RECOMMENDED,no,"No original, verified translation or locale-specific downloader is available; do not generate a thin locale page."
https://vidssave.com/ko/ins/video,sitemap,not fetched,,,localized page,language-specific search,not analyzed,locale: ko,,not offered on SaveFromNet,excluded to protect relevance and quality,,NOT RECOMMENDED,no,"No original, verified translation or locale-specific downloader is available; do not generate a thin locale page."
https://vidssave.com/ko/photo,internal link,not fetched,,,localized page,language-specific search,not analyzed,locale: ko,,not offered on SaveFromNet,excluded to protect relevance and quality,,NOT RECOMMENDED,no,"No original, verified translation or locale-specific downloader is available; do not generate a thin locale page."
https://vidssave.com/ko/pin,sitemap,not fetched,,,localized page,language-specific search,not analyzed,locale: ko,,not offered on SaveFromNet,excluded to protect relevance and quality,,NOT RECOMMENDED,no,"No original, verified translation or locale-specific downloader is available; do not generate a thin locale page."
https://vidssave.com/ko/pin/pinterest-gif-downloader,sitemap,not fetched,,,localized page,language-specific search,not analyzed,locale: ko,,not offered on SaveFromNet,excluded to protect relevance and quality,,NOT RECOMMENDED,no,"No original, verified translation or locale-specific downloader is available; do not generate a thin locale page."
https://vidssave.com/ko/pin/why-is-pinterest-not-letting-me-download,sitemap,not fetched,,,localized page,language-specific search,not analyzed,locale: ko,,not offered on SaveFromNet,excluded to protect relevance and quality,,NOT RECOMMENDED,no,"No original, verified translation or locale-specific downloader is available; do not generate a thin locale page."
https://vidssave.com/ko/platform-supports,sitemap,not fetched,,,localized page,language-specific search,not analyzed,locale: ko,,not offered on SaveFromNet,excluded to protect relevance and quality,,NOT RECOMMENDED,no,"No original, verified translation or locale-specific downloader is available; do not generate a thin locale page."
https://vidssave.com/ko/privacy,sitemap,not fetched,,,localized page,language-specific search,not analyzed,locale: ko,,not offered on SaveFromNet,excluded to protect relevance and quality,,NOT RECOMMENDED,no,"No original, verified translation or locale-specific downloader is available; do not generate a thin locale page."
https://vidssave.com/ko/profile,internal link,not fetched,,,localized page,language-specific search,not analyzed,locale: ko,,not offered on SaveFromNet,excluded to protect relevance and quality,,NOT RECOMMENDED,no,"No original, verified translation or locale-specific downloader is available; do not generate a thin locale page."
https://vidssave.com/ko/reddit,sitemap,not fetched,,,localized page,language-specific search,not analyzed,locale: ko,,not offered on SaveFromNet,excluded to protect relevance and quality,,NOT RECOMMENDED,no,"No original, verified translation or locale-specific downloader is available; do not generate a thin locale page."
https://vidssave.com/ko/reels,internal link,not fetched,,,localized page,language-specific search,not analyzed,locale: ko,,not offered on SaveFromNet,excluded to protect relevance and quality,,NOT RECOMMENDED,no,"No original, verified translation or locale-specific downloader is available; do not generate a thin locale page."
https://vidssave.com/ko/story,internal link,not fetched,,,localized page,language-specific search,not analyzed,locale: ko,,not offered on SaveFromNet,excluded to protect relevance and quality,,NOT RECOMMENDED,no,"No original, verified translation or locale-specific downloader is available; do not generate a thin locale page."
https://vidssave.com/ko/terms,sitemap,not fetched,,,localized page,language-specific search,not analyzed,locale: ko,,not offered on SaveFromNet,excluded to protect relevance and quality,,NOT RECOMMENDED,no,"No original, verified translation or locale-specific downloader is available; do not generate a thin locale page."
https://vidssave.com/ko/threads,sitemap,not fetched,,,localized page,language-specific search,not analyzed,locale: ko,,not offered on SaveFromNet,excluded to protect relevance and quality,,NOT RECOMMENDED,no,"No original, verified translation or locale-specific downloader is available; do not generate a thin locale page."
https://vidssave.com/ko/tiktok,sitemap,not fetched,,,localized page,language-specific search,not analyzed,locale: ko,,not offered on SaveFromNet,excluded to protect relevance and quality,,NOT RECOMMENDED,no,"No original, verified translation or locale-specific downloader is available; do not generate a thin locale page."
https://vidssave.com/ko/tiktok-story-downloader,sitemap,not fetched,,,localized page,language-specific search,not analyzed,locale: ko,,not offered on SaveFromNet,excluded to protect relevance and quality,,NOT RECOMMENDED,no,"No original, verified translation or locale-specific downloader is available; do not generate a thin locale page."
https://vidssave.com/ko/tiktok-to-mp3,sitemap,not fetched,,,localized page,language-specific search,not analyzed,locale: ko,,not offered on SaveFromNet,excluded to protect relevance and quality,,NOT RECOMMENDED,no,"No original, verified translation or locale-specific downloader is available; do not generate a thin locale page."
https://vidssave.com/ko/tiktok/how-to-download-tiktok-sounds,sitemap,not fetched,,,localized page,language-specific search,not analyzed,locale: ko,,not offered on SaveFromNet,excluded to protect relevance and quality,,NOT RECOMMENDED,no,"No original, verified translation or locale-specific downloader is available; do not generate a thin locale page."
https://vidssave.com/ko/topic/the-backrooms-movie,internal link,not fetched,,,localized page,language-specific search,not analyzed,locale: ko,,not offered on SaveFromNet,excluded to protect relevance and quality,,NOT RECOMMENDED,no,"No original, verified translation or locale-specific downloader is available; do not generate a thin locale page."
https://vidssave.com/ko/twitter-gif-downloader,sitemap,not fetched,,,localized page,language-specific search,not analyzed,locale: ko,,not offered on SaveFromNet,excluded to protect relevance and quality,,NOT RECOMMENDED,no,"No original, verified translation or locale-specific downloader is available; do not generate a thin locale page."
https://vidssave.com/ko/video,internal link,not fetched,,,localized page,language-specific search,not analyzed,locale: ko,,not offered on SaveFromNet,excluded to protect relevance and quality,,NOT RECOMMENDED,no,"No original, verified translation or locale-specific downloader is available; do not generate a thin locale page."
https://vidssave.com/ko/x,sitemap,not fetched,,,localized page,language-specific search,not analyzed,locale: ko,,not offered on SaveFromNet,excluded to protect relevance and quality,,NOT RECOMMENDED,no,"No original, verified translation or locale-specific downloader is available; do not generate a thin locale page."
https://vidssave.com/ko/youtube-audio-downloader,sitemap,not fetched,,,localized page,language-specific search,not analyzed,locale: ko,,not offered on SaveFromNet,excluded to protect relevance and quality,,NOT RECOMMENDED,no,"No original, verified translation or locale-specific downloader is available; do not generate a thin locale page."
https://vidssave.com/ko/youtube-movies,sitemap,not fetched,,,localized page,language-specific search,not analyzed,locale: ko,,not offered on SaveFromNet,excluded to protect relevance and quality,,NOT RECOMMENDED,no,"No original, verified translation or locale-specific downloader is available; do not generate a thin locale page."
https://vidssave.com/ko/youtube-music-download,sitemap,not fetched,,,localized page,language-specific search,not analyzed,locale: ko,,not offered on SaveFromNet,excluded to protect relevance and quality,,NOT RECOMMENDED,no,"No original, verified translation or locale-specific downloader is available; do not generate a thin locale page."
https://vidssave.com/ko/youtube-shorts-download,sitemap,not fetched,,,localized page,language-specific search,not analyzed,locale: ko,,not offered on SaveFromNet,excluded to protect relevance and quality,,NOT RECOMMENDED,no,"No original, verified translation or locale-specific downloader is available; do not generate a thin locale page."
https://vidssave.com/ko/youtube-song-downloader,sitemap,not fetched,,,localized page,language-specific search,not analyzed,locale: ko,,not offered on SaveFromNet,excluded to protect relevance and quality,,NOT RECOMMENDED,no,"No original, verified translation or locale-specific downloader is available; do not generate a thin locale page."
https://vidssave.com/ko/youtube-to-mp3,sitemap,not fetched,,,localized page,language-specific search,not analyzed,locale: ko,,not offered on SaveFromNet,excluded to protect relevance and quality,,NOT RECOMMENDED,no,"No original, verified translation or locale-specific downloader is available; do not generate a thin locale page."
https://vidssave.com/ko/youtube-to-mp4,sitemap,not fetched,,,localized page,language-specific search,not analyzed,locale: ko,,not offered on SaveFromNet,excluded to protect relevance and quality,,NOT RECOMMENDED,no,"No original, verified translation or locale-specific downloader is available; do not generate a thin locale page."
https://vidssave.com/ko/yt,sitemap,not fetched,,,localized page,language-specific search,not analyzed,locale: ko,,not offered on SaveFromNet,excluded to protect relevance and quality,,NOT RECOMMENDED,no,"No original, verified translation or locale-specific downloader is available; do not generate a thin locale page."
https://vidssave.com/ko/yt-downloader,sitemap,not fetched,,,localized page,language-specific search,not analyzed,locale: ko,,not offered on SaveFromNet,excluded to protect relevance and quality,,NOT RECOMMENDED,no,"No original, verified translation or locale-specific downloader is available; do not generate a thin locale page."
https://vidssave.com/ko/yt/how-to-download-youtube-shorts,sitemap,not fetched,,,localized page,language-specific search,not analyzed,locale: ko,,not offered on SaveFromNet,excluded to protect relevance and quality,,NOT RECOMMENDED,no,"No original, verified translation or locale-specific downloader is available; do not generate a thin locale page."
https://vidssave.com/ko/yt/how-to-extract-audio-from-youtube-video,sitemap,not fetched,,,localized page,language-specific search,not analyzed,locale: ko,,not offered on SaveFromNet,excluded to protect relevance and quality,,NOT RECOMMENDED,no,"No original, verified translation or locale-specific downloader is available; do not generate a thin locale page."
https://vidssave.com/ko/yt/why-cannot-i-download-youtube-videos,sitemap,not fetched,,,localized page,language-specific search,not analyzed,locale: ko,,not offered on SaveFromNet,excluded to protect relevance and quality,,NOT RECOMMENDED,no,"No original, verified translation or locale-specific downloader is available; do not generate a thin locale page."
https://vidssave.com/ko/yt/why-is-there-no-sound-after-downloading-youtube-video,sitemap,not fetched,,,localized page,language-specific search,not analyzed,locale: ko,,not offered on SaveFromNet,excluded to protect relevance and quality,,NOT RECOMMENDED,no,"No original, verified translation or locale-specific downloader is available; do not generate a thin locale page."
https://vidssave.com/mp4,internal link,not fetched,,,linked alias or ancillary page,unverified distinct intent,unverified distinct intent,mp4,,not offered on SaveFromNet,excluded to protect relevance and quality,,NOT RECOMMENDED,no,Linked but not a distinct sitemap target; verify need and functionality before creating a page.
https://vidssave.com/ms,internal link,not fetched,,,localized page,language-specific search,not analyzed,locale: ms,,not offered on SaveFromNet,excluded to protect relevance and quality,,NOT RECOMMENDED,no,"No original, verified translation or locale-specific downloader is available; do not generate a thin locale page."
https://vidssave.com/ms/about,sitemap,not fetched,,,localized page,language-specific search,not analyzed,locale: ms,,not offered on SaveFromNet,excluded to protect relevance and quality,,NOT RECOMMENDED,no,"No original, verified translation or locale-specific downloader is available; do not generate a thin locale page."
https://vidssave.com/ms/carousel,internal link,not fetched,,,localized page,language-specific search,not analyzed,locale: ms,,not offered on SaveFromNet,excluded to protect relevance and quality,,NOT RECOMMENDED,no,"No original, verified translation or locale-specific downloader is available; do not generate a thin locale page."
https://vidssave.com/ms/dailymotion,sitemap,not fetched,,,localized page,language-specific search,not analyzed,locale: ms,,not offered on SaveFromNet,excluded to protect relevance and quality,,NOT RECOMMENDED,no,"No original, verified translation or locale-specific downloader is available; do not generate a thin locale page."
https://vidssave.com/ms/extension,sitemap,not fetched,,,localized page,language-specific search,not analyzed,locale: ms,,not offered on SaveFromNet,excluded to protect relevance and quality,,NOT RECOMMENDED,no,"No original, verified translation or locale-specific downloader is available; do not generate a thin locale page."
https://vidssave.com/ms/extension/chrome,sitemap,not fetched,,,localized page,language-specific search,not analyzed,locale: ms,,not offered on SaveFromNet,excluded to protect relevance and quality,,NOT RECOMMENDED,no,"No original, verified translation or locale-specific downloader is available; do not generate a thin locale page."
https://vidssave.com/ms/facebook,sitemap,not fetched,,,localized page,language-specific search,not analyzed,locale: ms,,not offered on SaveFromNet,excluded to protect relevance and quality,,NOT RECOMMENDED,no,"No original, verified translation or locale-specific downloader is available; do not generate a thin locale page."
https://vidssave.com/ms/home,sitemap,not fetched,,,localized page,language-specific search,not analyzed,locale: ms,,not offered on SaveFromNet,excluded to protect relevance and quality,,NOT RECOMMENDED,no,"No original, verified translation or locale-specific downloader is available; do not generate a thin locale page."
https://vidssave.com/ms/ins,sitemap,not fetched,,,localized page,language-specific search,not analyzed,locale: ms,,not offered on SaveFromNet,excluded to protect relevance and quality,,NOT RECOMMENDED,no,"No original, verified translation or locale-specific downloader is available; do not generate a thin locale page."
https://vidssave.com/ms/ins/carousel,sitemap,not fetched,,,localized page,language-specific search,not analyzed,locale: ms,,not offered on SaveFromNet,excluded to protect relevance and quality,,NOT RECOMMENDED,no,"No original, verified translation or locale-specific downloader is available; do not generate a thin locale page."
https://vidssave.com/ms/ins/how-to-download-instagram-photos-in-hd,sitemap,not fetched,,,localized page,language-specific search,not analyzed,locale: ms,,not offered on SaveFromNet,excluded to protect relevance and quality,,NOT RECOMMENDED,no,"No original, verified translation or locale-specific downloader is available; do not generate a thin locale page."
https://vidssave.com/ms/ins/photo,sitemap,not fetched,,,localized page,language-specific search,not analyzed,locale: ms,,not offered on SaveFromNet,excluded to protect relevance and quality,,NOT RECOMMENDED,no,"No original, verified translation or locale-specific downloader is available; do not generate a thin locale page."
https://vidssave.com/ms/ins/profile,sitemap,not fetched,,,localized page,language-specific search,not analyzed,locale: ms,,not offered on SaveFromNet,excluded to protect relevance and quality,,NOT RECOMMENDED,no,"No original, verified translation or locale-specific downloader is available; do not generate a thin locale page."
https://vidssave.com/ms/ins/reels,sitemap,not fetched,,,localized page,language-specific search,not analyzed,locale: ms,,not offered on SaveFromNet,excluded to protect relevance and quality,,NOT RECOMMENDED,no,"No original, verified translation or locale-specific downloader is available; do not generate a thin locale page."
https://vidssave.com/ms/ins/story,sitemap,not fetched,,,localized page,language-specific search,not analyzed,locale: ms,,not offered on SaveFromNet,excluded to protect relevance and quality,,NOT RECOMMENDED,no,"No original, verified translation or locale-specific downloader is available; do not generate a thin locale page."
https://vidssave.com/ms/ins/video,sitemap,not fetched,,,localized page,language-specific search,not analyzed,locale: ms,,not offered on SaveFromNet,excluded to protect relevance and quality,,NOT RECOMMENDED,no,"No original, verified translation or locale-specific downloader is available; do not generate a thin locale page."
https://vidssave.com/ms/photo,internal link,not fetched,,,localized page,language-specific search,not analyzed,locale: ms,,not offered on SaveFromNet,excluded to protect relevance and quality,,NOT RECOMMENDED,no,"No original, verified translation or locale-specific downloader is available; do not generate a thin locale page."
https://vidssave.com/ms/pin,sitemap,not fetched,,,localized page,language-specific search,not analyzed,locale: ms,,not offered on SaveFromNet,excluded to protect relevance and quality,,NOT RECOMMENDED,no,"No original, verified translation or locale-specific downloader is available; do not generate a thin locale page."
https://vidssave.com/ms/pin/pinterest-gif-downloader,sitemap,not fetched,,,localized page,language-specific search,not analyzed,locale: ms,,not offered on SaveFromNet,excluded to protect relevance and quality,,NOT RECOMMENDED,no,"No original, verified translation or locale-specific downloader is available; do not generate a thin locale page."
https://vidssave.com/ms/pin/why-is-pinterest-not-letting-me-download,sitemap,not fetched,,,localized page,language-specific search,not analyzed,locale: ms,,not offered on SaveFromNet,excluded to protect relevance and quality,,NOT RECOMMENDED,no,"No original, verified translation or locale-specific downloader is available; do not generate a thin locale page."
https://vidssave.com/ms/platform-supports,sitemap,not fetched,,,localized page,language-specific search,not analyzed,locale: ms,,not offered on SaveFromNet,excluded to protect relevance and quality,,NOT RECOMMENDED,no,"No original, verified translation or locale-specific downloader is available; do not generate a thin locale page."
https://vidssave.com/ms/privacy,sitemap,not fetched,,,localized page,language-specific search,not analyzed,locale: ms,,not offered on SaveFromNet,excluded to protect relevance and quality,,NOT RECOMMENDED,no,"No original, verified translation or locale-specific downloader is available; do not generate a thin locale page."
https://vidssave.com/ms/profile,internal link,not fetched,,,localized page,language-specific search,not analyzed,locale: ms,,not offered on SaveFromNet,excluded to protect relevance and quality,,NOT RECOMMENDED,no,"No original, verified translation or locale-specific downloader is available; do not generate a thin locale page."
https://vidssave.com/ms/reddit,sitemap,not fetched,,,localized page,language-specific search,not analyzed,locale: ms,,not offered on SaveFromNet,excluded to protect relevance and quality,,NOT RECOMMENDED,no,"No original, verified translation or locale-specific downloader is available; do not generate a thin locale page."
https://vidssave.com/ms/reels,internal link,not fetched,,,localized page,language-specific search,not analyzed,locale: ms,,not offered on SaveFromNet,excluded to protect relevance and quality,,NOT RECOMMENDED,no,"No original, verified translation or locale-specific downloader is available; do not generate a thin locale page."
https://vidssave.com/ms/story,internal link,not fetched,,,localized page,language-specific search,not analyzed,locale: ms,,not offered on SaveFromNet,excluded to protect relevance and quality,,NOT RECOMMENDED,no,"No original, verified translation or locale-specific downloader is available; do not generate a thin locale page."
https://vidssave.com/ms/terms,sitemap,not fetched,,,localized page,language-specific search,not analyzed,locale: ms,,not offered on SaveFromNet,excluded to protect relevance and quality,,NOT RECOMMENDED,no,"No original, verified translation or locale-specific downloader is available; do not generate a thin locale page."
https://vidssave.com/ms/threads,sitemap,not fetched,,,localized page,language-specific search,not analyzed,locale: ms,,not offered on SaveFromNet,excluded to protect relevance and quality,,NOT RECOMMENDED,no,"No original, verified translation or locale-specific downloader is available; do not generate a thin locale page."
https://vidssave.com/ms/tiktok,sitemap,not fetched,,,localized page,language-specific search,not analyzed,locale: ms,,not offered on SaveFromNet,excluded to protect relevance and quality,,NOT RECOMMENDED,no,"No original, verified translation or locale-specific downloader is available; do not generate a thin locale page."
https://vidssave.com/ms/tiktok-mp3-download,internal link,not fetched,,,localized page,language-specific search,not analyzed,locale: ms,,not offered on SaveFromNet,excluded to protect relevance and quality,,NOT RECOMMENDED,no,"No original, verified translation or locale-specific downloader is available; do not generate a thin locale page."
https://vidssave.com/ms/tiktok-story-downloader,sitemap,not fetched,,,localized page,language-specific search,not analyzed,locale: ms,,not offered on SaveFromNet,excluded to protect relevance and quality,,NOT RECOMMENDED,no,"No original, verified translation or locale-specific downloader is available; do not generate a thin locale page."
https://vidssave.com/ms/tiktok-to-mp3,sitemap,not fetched,,,localized page,language-specific search,not analyzed,locale: ms,,not offered on SaveFromNet,excluded to protect relevance and quality,,NOT RECOMMENDED,no,"No original, verified translation or locale-specific downloader is available; do not generate a thin locale page."
https://vidssave.com/ms/tiktok/how-to-download-tiktok-sounds,sitemap,not fetched,,,localized page,language-specific search,not analyzed,locale: ms,,not offered on SaveFromNet,excluded to protect relevance and quality,,NOT RECOMMENDED,no,"No original, verified translation or locale-specific downloader is available; do not generate a thin locale page."
https://vidssave.com/ms/topic/the-backrooms-movie,internal link,not fetched,,,localized page,language-specific search,not analyzed,locale: ms,,not offered on SaveFromNet,excluded to protect relevance and quality,,NOT RECOMMENDED,no,"No original, verified translation or locale-specific downloader is available; do not generate a thin locale page."
https://vidssave.com/ms/twitter-gif-downloader,sitemap,not fetched,,,localized page,language-specific search,not analyzed,locale: ms,,not offered on SaveFromNet,excluded to protect relevance and quality,,NOT RECOMMENDED,no,"No original, verified translation or locale-specific downloader is available; do not generate a thin locale page."
https://vidssave.com/ms/video,internal link,not fetched,,,localized page,language-specific search,not analyzed,locale: ms,,not offered on SaveFromNet,excluded to protect relevance and quality,,NOT RECOMMENDED,no,"No original, verified translation or locale-specific downloader is available; do not generate a thin locale page."
https://vidssave.com/ms/x,sitemap,not fetched,,,localized page,language-specific search,not analyzed,locale: ms,,not offered on SaveFromNet,excluded to protect relevance and quality,,NOT RECOMMENDED,no,"No original, verified translation or locale-specific downloader is available; do not generate a thin locale page."
https://vidssave.com/ms/youtube-audio-downloader,sitemap,not fetched,,,localized page,language-specific search,not analyzed,locale: ms,,not offered on SaveFromNet,excluded to protect relevance and quality,,NOT RECOMMENDED,no,"No original, verified translation or locale-specific downloader is available; do not generate a thin locale page."
https://vidssave.com/ms/youtube-movies,sitemap,not fetched,,,localized page,language-specific search,not analyzed,locale: ms,,not offered on SaveFromNet,excluded to protect relevance and quality,,NOT RECOMMENDED,no,"No original, verified translation or locale-specific downloader is available; do not generate a thin locale page."
https://vidssave.com/ms/youtube-music-download,sitemap,not fetched,,,localized page,language-specific search,not analyzed,locale: ms,,not offered on SaveFromNet,excluded to protect relevance and quality,,NOT RECOMMENDED,no,"No original, verified translation or locale-specific downloader is available; do not generate a thin locale page."
https://vidssave.com/ms/youtube-shorts-download,sitemap,not fetched,,,localized page,language-specific search,not analyzed,locale: ms,,not offered on SaveFromNet,excluded to protect relevance and quality,,NOT RECOMMENDED,no,"No original, verified translation or locale-specific downloader is available; do not generate a thin locale page."
https://vidssave.com/ms/youtube-song-downloader,sitemap,not fetched,,,localized page,language-specific search,not analyzed,locale: ms,,not offered on SaveFromNet,excluded to protect relevance and quality,,NOT RECOMMENDED,no,"No original, verified translation or locale-specific downloader is available; do not generate a thin locale page."
https://vidssave.com/ms/youtube-to-mp3,sitemap,not fetched,,,localized page,language-specific search,not analyzed,locale: ms,,not offered on SaveFromNet,excluded to protect relevance and quality,,NOT RECOMMENDED,no,"No original, verified translation or locale-specific downloader is available; do not generate a thin locale page."
https://vidssave.com/ms/youtube-to-mp4,sitemap,not fetched,,,localized page,language-specific search,not analyzed,locale: ms,,not offered on SaveFromNet,excluded to protect relevance and quality,,NOT RECOMMENDED,no,"No original, verified translation or locale-specific downloader is available; do not generate a thin locale page."
https://vidssave.com/ms/yt,sitemap,not fetched,,,localized page,language-specific search,not analyzed,locale: ms,,not offered on SaveFromNet,excluded to protect relevance and quality,,NOT RECOMMENDED,no,"No original, verified translation or locale-specific downloader is available; do not generate a thin locale page."
https://vidssave.com/ms/yt-downloader,sitemap,not fetched,,,localized page,language-specific search,not analyzed,locale: ms,,not offered on SaveFromNet,excluded to protect relevance and quality,,NOT RECOMMENDED,no,"No original, verified translation or locale-specific downloader is available; do not generate a thin locale page."
https://vidssave.com/ms/yt/how-to-download-youtube-shorts,sitemap,not fetched,,,localized page,language-specific search,not analyzed,locale: ms,,not offered on SaveFromNet,excluded to protect relevance and quality,,NOT RECOMMENDED,no,"No original, verified translation or locale-specific downloader is available; do not generate a thin locale page."
https://vidssave.com/ms/yt/how-to-extract-audio-from-youtube-video,sitemap,not fetched,,,localized page,language-specific search,not analyzed,locale: ms,,not offered on SaveFromNet,excluded to protect relevance and quality,,NOT RECOMMENDED,no,"No original, verified translation or locale-specific downloader is available; do not generate a thin locale page."
https://vidssave.com/ms/yt/why-cannot-i-download-youtube-videos,sitemap,not fetched,,,localized page,language-specific search,not analyzed,locale: ms,,not offered on SaveFromNet,excluded to protect relevance and quality,,NOT RECOMMENDED,no,"No original, verified translation or locale-specific downloader is available; do not generate a thin locale page."
https://vidssave.com/ms/yt/why-is-there-no-sound-after-downloading-youtube-video,sitemap,not fetched,,,localized page,language-specific search,not analyzed,locale: ms,,not offered on SaveFromNet,excluded to protect relevance and quality,,NOT RECOMMENDED,no,"No original, verified translation or locale-specific downloader is available; do not generate a thin locale page."
https://vidssave.com/my/about,sitemap,not fetched,,,localized page,language-specific search,not analyzed,locale: my,,not offered on SaveFromNet,excluded to protect relevance and quality,,NOT RECOMMENDED,no,"No original, verified translation or locale-specific downloader is available; do not generate a thin locale page."
https://vidssave.com/my/dailymotion,sitemap,not fetched,,,localized page,language-specific search,not analyzed,locale: my,,not offered on SaveFromNet,excluded to protect relevance and quality,,NOT RECOMMENDED,no,"No original, verified translation or locale-specific downloader is available; do not generate a thin locale page."
https://vidssave.com/my/extension,sitemap,not fetched,,,localized page,language-specific search,not analyzed,locale: my,,not offered on SaveFromNet,excluded to protect relevance and quality,,NOT RECOMMENDED,no,"No original, verified translation or locale-specific downloader is available; do not generate a thin locale page."
https://vidssave.com/my/extension/chrome,sitemap,not fetched,,,localized page,language-specific search,not analyzed,locale: my,,not offered on SaveFromNet,excluded to protect relevance and quality,,NOT RECOMMENDED,no,"No original, verified translation or locale-specific downloader is available; do not generate a thin locale page."
https://vidssave.com/my/facebook,sitemap,not fetched,,,localized page,language-specific search,not analyzed,locale: my,,not offered on SaveFromNet,excluded to protect relevance and quality,,NOT RECOMMENDED,no,"No original, verified translation or locale-specific downloader is available; do not generate a thin locale page."
https://vidssave.com/my/home,sitemap,not fetched,,,localized page,language-specific search,not analyzed,locale: my,,not offered on SaveFromNet,excluded to protect relevance and quality,,NOT RECOMMENDED,no,"No original, verified translation or locale-specific downloader is available; do not generate a thin locale page."
https://vidssave.com/my/ins,sitemap,not fetched,,,localized page,language-specific search,not analyzed,locale: my,,not offered on SaveFromNet,excluded to protect relevance and quality,,NOT RECOMMENDED,no,"No original, verified translation or locale-specific downloader is available; do not generate a thin locale page."
https://vidssave.com/my/ins/carousel,sitemap,not fetched,,,localized page,language-specific search,not analyzed,locale: my,,not offered on SaveFromNet,excluded to protect relevance and quality,,NOT RECOMMENDED,no,"No original, verified translation or locale-specific downloader is available; do not generate a thin locale page."
https://vidssave.com/my/ins/how-to-download-instagram-photos-in-hd,sitemap,not fetched,,,localized page,language-specific search,not analyzed,locale: my,,not offered on SaveFromNet,excluded to protect relevance and quality,,NOT RECOMMENDED,no,"No original, verified translation or locale-specific downloader is available; do not generate a thin locale page."
https://vidssave.com/my/ins/photo,sitemap,not fetched,,,localized page,language-specific search,not analyzed,locale: my,,not offered on SaveFromNet,excluded to protect relevance and quality,,NOT RECOMMENDED,no,"No original, verified translation or locale-specific downloader is available; do not generate a thin locale page."
https://vidssave.com/my/ins/profile,sitemap,not fetched,,,localized page,language-specific search,not analyzed,locale: my,,not offered on SaveFromNet,excluded to protect relevance and quality,,NOT RECOMMENDED,no,"No original, verified translation or locale-specific downloader is available; do not generate a thin locale page."
https://vidssave.com/my/ins/reels,sitemap,not fetched,,,localized page,language-specific search,not analyzed,locale: my,,not offered on SaveFromNet,excluded to protect relevance and quality,,NOT RECOMMENDED,no,"No original, verified translation or locale-specific downloader is available; do not generate a thin locale page."
https://vidssave.com/my/ins/story,sitemap,not fetched,,,localized page,language-specific search,not analyzed,locale: my,,not offered on SaveFromNet,excluded to protect relevance and quality,,NOT RECOMMENDED,no,"No original, verified translation or locale-specific downloader is available; do not generate a thin locale page."
https://vidssave.com/my/ins/video,sitemap,not fetched,,,localized page,language-specific search,not analyzed,locale: my,,not offered on SaveFromNet,excluded to protect relevance and quality,,NOT RECOMMENDED,no,"No original, verified translation or locale-specific downloader is available; do not generate a thin locale page."
https://vidssave.com/my/pin,sitemap,not fetched,,,localized page,language-specific search,not analyzed,locale: my,,not offered on SaveFromNet,excluded to protect relevance and quality,,NOT RECOMMENDED,no,"No original, verified translation or locale-specific downloader is available; do not generate a thin locale page."
https://vidssave.com/my/pin/pinterest-gif-downloader,sitemap,not fetched,,,localized page,language-specific search,not analyzed,locale: my,,not offered on SaveFromNet,excluded to protect relevance and quality,,NOT RECOMMENDED,no,"No original, verified translation or locale-specific downloader is available; do not generate a thin locale page."
https://vidssave.com/my/pin/why-is-pinterest-not-letting-me-download,sitemap,not fetched,,,localized page,language-specific search,not analyzed,locale: my,,not offered on SaveFromNet,excluded to protect relevance and quality,,NOT RECOMMENDED,no,"No original, verified translation or locale-specific downloader is available; do not generate a thin locale page."
https://vidssave.com/my/platform-supports,sitemap,not fetched,,,localized page,language-specific search,not analyzed,locale: my,,not offered on SaveFromNet,excluded to protect relevance and quality,,NOT RECOMMENDED,no,"No original, verified translation or locale-specific downloader is available; do not generate a thin locale page."
https://vidssave.com/my/privacy,sitemap,not fetched,,,localized page,language-specific search,not analyzed,locale: my,,not offered on SaveFromNet,excluded to protect relevance and quality,,NOT RECOMMENDED,no,"No original, verified translation or locale-specific downloader is available; do not generate a thin locale page."
https://vidssave.com/my/reddit,sitemap,not fetched,,,localized page,language-specific search,not analyzed,locale: my,,not offered on SaveFromNet,excluded to protect relevance and quality,,NOT RECOMMENDED,no,"No original, verified translation or locale-specific downloader is available; do not generate a thin locale page."
https://vidssave.com/my/terms,sitemap,not fetched,,,localized page,language-specific search,not analyzed,locale: my,,not offered on SaveFromNet,excluded to protect relevance and quality,,NOT RECOMMENDED,no,"No original, verified translation or locale-specific downloader is available; do not generate a thin locale page."
https://vidssave.com/my/threads,sitemap,not fetched,,,localized page,language-specific search,not analyzed,locale: my,,not offered on SaveFromNet,excluded to protect relevance and quality,,NOT RECOMMENDED,no,"No original, verified translation or locale-specific downloader is available; do not generate a thin locale page."
https://vidssave.com/my/tiktok,sitemap,not fetched,,,localized page,language-specific search,not analyzed,locale: my,,not offered on SaveFromNet,excluded to protect relevance and quality,,NOT RECOMMENDED,no,"No original, verified translation or locale-specific downloader is available; do not generate a thin locale page."
https://vidssave.com/my/tiktok-story-downloader,sitemap,not fetched,,,localized page,language-specific search,not analyzed,locale: my,,not offered on SaveFromNet,excluded to protect relevance and quality,,NOT RECOMMENDED,no,"No original, verified translation or locale-specific downloader is available; do not generate a thin locale page."
https://vidssave.com/my/tiktok-to-mp3,sitemap,not fetched,,,localized page,language-specific search,not analyzed,locale: my,,not offered on SaveFromNet,excluded to protect relevance and quality,,NOT RECOMMENDED,no,"No original, verified translation or locale-specific downloader is available; do not generate a thin locale page."
https://vidssave.com/my/tiktok/how-to-download-tiktok-sounds,sitemap,not fetched,,,localized page,language-specific search,not analyzed,locale: my,,not offered on SaveFromNet,excluded to protect relevance and quality,,NOT RECOMMENDED,no,"No original, verified translation or locale-specific downloader is available; do not generate a thin locale page."
https://vidssave.com/my/topic/the-backrooms-movie,internal link,not fetched,,,localized page,language-specific search,not analyzed,locale: my,,not offered on SaveFromNet,excluded to protect relevance and quality,,NOT RECOMMENDED,no,"No original, verified translation or locale-specific downloader is available; do not generate a thin locale page."
https://vidssave.com/my/twitter-gif-downloader,sitemap,not fetched,,,localized page,language-specific search,not analyzed,locale: my,,not offered on SaveFromNet,excluded to protect relevance and quality,,NOT RECOMMENDED,no,"No original, verified translation or locale-specific downloader is available; do not generate a thin locale page."
https://vidssave.com/my/x,sitemap,not fetched,,,localized page,language-specific search,not analyzed,locale: my,,not offered on SaveFromNet,excluded to protect relevance and quality,,NOT RECOMMENDED,no,"No original, verified translation or locale-specific downloader is available; do not generate a thin locale page."
https://vidssave.com/my/youtube-audio-downloader,sitemap,not fetched,,,localized page,language-specific search,not analyzed,locale: my,,not offered on SaveFromNet,excluded to protect relevance and quality,,NOT RECOMMENDED,no,"No original, verified translation or locale-specific downloader is available; do not generate a thin locale page."
https://vidssave.com/my/youtube-movies,sitemap,not fetched,,,localized page,language-specific search,not analyzed,locale: my,,not offered on SaveFromNet,excluded to protect relevance and quality,,NOT RECOMMENDED,no,"No original, verified translation or locale-specific downloader is available; do not generate a thin locale page."
https://vidssave.com/my/youtube-music-download,sitemap,not fetched,,,localized page,language-specific search,not analyzed,locale: my,,not offered on SaveFromNet,excluded to protect relevance and quality,,NOT RECOMMENDED,no,"No original, verified translation or locale-specific downloader is available; do not generate a thin locale page."
https://vidssave.com/my/youtube-shorts-download,sitemap,not fetched,,,localized page,language-specific search,not analyzed,locale: my,,not offered on SaveFromNet,excluded to protect relevance and quality,,NOT RECOMMENDED,no,"No original, verified translation or locale-specific downloader is available; do not generate a thin locale page."
https://vidssave.com/my/youtube-song-downloader,sitemap,not fetched,,,localized page,language-specific search,not analyzed,locale: my,,not offered on SaveFromNet,excluded to protect relevance and quality,,NOT RECOMMENDED,no,"No original, verified translation or locale-specific downloader is available; do not generate a thin locale page."
https://vidssave.com/my/youtube-to-mp3,sitemap,not fetched,,,localized page,language-specific search,not analyzed,locale: my,,not offered on SaveFromNet,excluded to protect relevance and quality,,NOT RECOMMENDED,no,"No original, verified translation or locale-specific downloader is available; do not generate a thin locale page."
https://vidssave.com/my/youtube-to-mp4,sitemap,not fetched,,,localized page,language-specific search,not analyzed,locale: my,,not offered on SaveFromNet,excluded to protect relevance and quality,,NOT RECOMMENDED,no,"No original, verified translation or locale-specific downloader is available; do not generate a thin locale page."
https://vidssave.com/my/yt,sitemap,not fetched,,,localized page,language-specific search,not analyzed,locale: my,,not offered on SaveFromNet,excluded to protect relevance and quality,,NOT RECOMMENDED,no,"No original, verified translation or locale-specific downloader is available; do not generate a thin locale page."
https://vidssave.com/my/yt-downloader,sitemap,not fetched,,,localized page,language-specific search,not analyzed,locale: my,,not offered on SaveFromNet,excluded to protect relevance and quality,,NOT RECOMMENDED,no,"No original, verified translation or locale-specific downloader is available; do not generate a thin locale page."
https://vidssave.com/my/yt/how-to-download-youtube-shorts,sitemap,not fetched,,,localized page,language-specific search,not analyzed,locale: my,,not offered on SaveFromNet,excluded to protect relevance and quality,,NOT RECOMMENDED,no,"No original, verified translation or locale-specific downloader is available; do not generate a thin locale page."
https://vidssave.com/my/yt/how-to-extract-audio-from-youtube-video,sitemap,not fetched,,,localized page,language-specific search,not analyzed,locale: my,,not offered on SaveFromNet,excluded to protect relevance and quality,,NOT RECOMMENDED,no,"No original, verified translation or locale-specific downloader is available; do not generate a thin locale page."
https://vidssave.com/my/yt/why-cannot-i-download-youtube-videos,sitemap,not fetched,,,localized page,language-specific search,not analyzed,locale: my,,not offered on SaveFromNet,excluded to protect relevance and quality,,NOT RECOMMENDED,no,"No original, verified translation or locale-specific downloader is available; do not generate a thin locale page."
https://vidssave.com/my/yt/why-is-there-no-sound-after-downloading-youtube-video,sitemap,not fetched,,,localized page,language-specific search,not analyzed,locale: my,,not offered on SaveFromNet,excluded to protect relevance and quality,,NOT RECOMMENDED,no,"No original, verified translation or locale-specific downloader is available; do not generate a thin locale page."
https://vidssave.com/pa,internal link,not fetched,,,localized page,language-specific search,not analyzed,locale: pa,,not offered on SaveFromNet,excluded to protect relevance and quality,,NOT RECOMMENDED,no,"No original, verified translation or locale-specific downloader is available; do not generate a thin locale page."
https://vidssave.com/pa/about,sitemap,not fetched,,,localized page,language-specific search,not analyzed,locale: pa,,not offered on SaveFromNet,excluded to protect relevance and quality,,NOT RECOMMENDED,no,"No original, verified translation or locale-specific downloader is available; do not generate a thin locale page."
https://vidssave.com/pa/carousel,internal link,not fetched,,,localized page,language-specific search,not analyzed,locale: pa,,not offered on SaveFromNet,excluded to protect relevance and quality,,NOT RECOMMENDED,no,"No original, verified translation or locale-specific downloader is available; do not generate a thin locale page."
https://vidssave.com/pa/dailymotion,sitemap,not fetched,,,localized page,language-specific search,not analyzed,locale: pa,,not offered on SaveFromNet,excluded to protect relevance and quality,,NOT RECOMMENDED,no,"No original, verified translation or locale-specific downloader is available; do not generate a thin locale page."
https://vidssave.com/pa/extension,sitemap,not fetched,,,localized page,language-specific search,not analyzed,locale: pa,,not offered on SaveFromNet,excluded to protect relevance and quality,,NOT RECOMMENDED,no,"No original, verified translation or locale-specific downloader is available; do not generate a thin locale page."
https://vidssave.com/pa/extension/chrome,sitemap,not fetched,,,localized page,language-specific search,not analyzed,locale: pa,,not offered on SaveFromNet,excluded to protect relevance and quality,,NOT RECOMMENDED,no,"No original, verified translation or locale-specific downloader is available; do not generate a thin locale page."
https://vidssave.com/pa/facebook,sitemap,not fetched,,,localized page,language-specific search,not analyzed,locale: pa,,not offered on SaveFromNet,excluded to protect relevance and quality,,NOT RECOMMENDED,no,"No original, verified translation or locale-specific downloader is available; do not generate a thin locale page."
https://vidssave.com/pa/home,sitemap,not fetched,,,localized page,language-specific search,not analyzed,locale: pa,,not offered on SaveFromNet,excluded to protect relevance and quality,,NOT RECOMMENDED,no,"No original, verified translation or locale-specific downloader is available; do not generate a thin locale page."
https://vidssave.com/pa/ins,sitemap,not fetched,,,localized page,language-specific search,not analyzed,locale: pa,,not offered on SaveFromNet,excluded to protect relevance and quality,,NOT RECOMMENDED,no,"No original, verified translation or locale-specific downloader is available; do not generate a thin locale page."
https://vidssave.com/pa/ins/carousel,sitemap,not fetched,,,localized page,language-specific search,not analyzed,locale: pa,,not offered on SaveFromNet,excluded to protect relevance and quality,,NOT RECOMMENDED,no,"No original, verified translation or locale-specific downloader is available; do not generate a thin locale page."
https://vidssave.com/pa/ins/how-to-download-instagram-photos-in-hd,sitemap,not fetched,,,localized page,language-specific search,not analyzed,locale: pa,,not offered on SaveFromNet,excluded to protect relevance and quality,,NOT RECOMMENDED,no,"No original, verified translation or locale-specific downloader is available; do not generate a thin locale page."
https://vidssave.com/pa/ins/photo,sitemap,not fetched,,,localized page,language-specific search,not analyzed,locale: pa,,not offered on SaveFromNet,excluded to protect relevance and quality,,NOT RECOMMENDED,no,"No original, verified translation or locale-specific downloader is available; do not generate a thin locale page."
https://vidssave.com/pa/ins/profile,sitemap,not fetched,,,localized page,language-specific search,not analyzed,locale: pa,,not offered on SaveFromNet,excluded to protect relevance and quality,,NOT RECOMMENDED,no,"No original, verified translation or locale-specific downloader is available; do not generate a thin locale page."
https://vidssave.com/pa/ins/reels,sitemap,not fetched,,,localized page,language-specific search,not analyzed,locale: pa,,not offered on SaveFromNet,excluded to protect relevance and quality,,NOT RECOMMENDED,no,"No original, verified translation or locale-specific downloader is available; do not generate a thin locale page."
https://vidssave.com/pa/ins/story,sitemap,not fetched,,,localized page,language-specific search,not analyzed,locale: pa,,not offered on SaveFromNet,excluded to protect relevance and quality,,NOT RECOMMENDED,no,"No original, verified translation or locale-specific downloader is available; do not generate a thin locale page."
https://vidssave.com/pa/ins/video,sitemap,not fetched,,,localized page,language-specific search,not analyzed,locale: pa,,not offered on SaveFromNet,excluded to protect relevance and quality,,NOT RECOMMENDED,no,"No original, verified translation or locale-specific downloader is available; do not generate a thin locale page."
https://vidssave.com/pa/photo,internal link,not fetched,,,localized page,language-specific search,not analyzed,locale: pa,,not offered on SaveFromNet,excluded to protect relevance and quality,,NOT RECOMMENDED,no,"No original, verified translation or locale-specific downloader is available; do not generate a thin locale page."
https://vidssave.com/pa/pin,sitemap,not fetched,,,localized page,language-specific search,not analyzed,locale: pa,,not offered on SaveFromNet,excluded to protect relevance and quality,,NOT RECOMMENDED,no,"No original, verified translation or locale-specific downloader is available; do not generate a thin locale page."
https://vidssave.com/pa/pin/pinterest-gif-downloader,sitemap,not fetched,,,localized page,language-specific search,not analyzed,locale: pa,,not offered on SaveFromNet,excluded to protect relevance and quality,,NOT RECOMMENDED,no,"No original, verified translation or locale-specific downloader is available; do not generate a thin locale page."
https://vidssave.com/pa/pin/why-is-pinterest-not-letting-me-download,sitemap,not fetched,,,localized page,language-specific search,not analyzed,locale: pa,,not offered on SaveFromNet,excluded to protect relevance and quality,,NOT RECOMMENDED,no,"No original, verified translation or locale-specific downloader is available; do not generate a thin locale page."
https://vidssave.com/pa/platform-supports,sitemap,not fetched,,,localized page,language-specific search,not analyzed,locale: pa,,not offered on SaveFromNet,excluded to protect relevance and quality,,NOT RECOMMENDED,no,"No original, verified translation or locale-specific downloader is available; do not generate a thin locale page."
https://vidssave.com/pa/privacy,sitemap,not fetched,,,localized page,language-specific search,not analyzed,locale: pa,,not offered on SaveFromNet,excluded to protect relevance and quality,,NOT RECOMMENDED,no,"No original, verified translation or locale-specific downloader is available; do not generate a thin locale page."
https://vidssave.com/pa/profile,internal link,not fetched,,,localized page,language-specific search,not analyzed,locale: pa,,not offered on SaveFromNet,excluded to protect relevance and quality,,NOT RECOMMENDED,no,"No original, verified translation or locale-specific downloader is available; do not generate a thin locale page."
https://vidssave.com/pa/reddit,sitemap,not fetched,,,localized page,language-specific search,not analyzed,locale: pa,,not offered on SaveFromNet,excluded to protect relevance and quality,,NOT RECOMMENDED,no,"No original, verified translation or locale-specific downloader is available; do not generate a thin locale page."
https://vidssave.com/pa/reels,internal link,not fetched,,,localized page,language-specific search,not analyzed,locale: pa,,not offered on SaveFromNet,excluded to protect relevance and quality,,NOT RECOMMENDED,no,"No original, verified translation or locale-specific downloader is available; do not generate a thin locale page."
https://vidssave.com/pa/story,internal link,not fetched,,,localized page,language-specific search,not analyzed,locale: pa,,not offered on SaveFromNet,excluded to protect relevance and quality,,NOT RECOMMENDED,no,"No original, verified translation or locale-specific downloader is available; do not generate a thin locale page."
https://vidssave.com/pa/terms,sitemap,not fetched,,,localized page,language-specific search,not analyzed,locale: pa,,not offered on SaveFromNet,excluded to protect relevance and quality,,NOT RECOMMENDED,no,"No original, verified translation or locale-specific downloader is available; do not generate a thin locale page."
https://vidssave.com/pa/threads,sitemap,not fetched,,,localized page,language-specific search,not analyzed,locale: pa,,not offered on SaveFromNet,excluded to protect relevance and quality,,NOT RECOMMENDED,no,"No original, verified translation or locale-specific downloader is available; do not generate a thin locale page."
https://vidssave.com/pa/tiktok,sitemap,not fetched,,,localized page,language-specific search,not analyzed,locale: pa,,not offered on SaveFromNet,excluded to protect relevance and quality,,NOT RECOMMENDED,no,"No original, verified translation or locale-specific downloader is available; do not generate a thin locale page."
https://vidssave.com/pa/tiktok-mp3-download,internal link,not fetched,,,localized page,language-specific search,not analyzed,locale: pa,,not offered on SaveFromNet,excluded to protect relevance and quality,,NOT RECOMMENDED,no,"No original, verified translation or locale-specific downloader is available; do not generate a thin locale page."
https://vidssave.com/pa/tiktok-story-downloader,sitemap,not fetched,,,localized page,language-specific search,not analyzed,locale: pa,,not offered on SaveFromNet,excluded to protect relevance and quality,,NOT RECOMMENDED,no,"No original, verified translation or locale-specific downloader is available; do not generate a thin locale page."
https://vidssave.com/pa/tiktok-to-mp3,sitemap,not fetched,,,localized page,language-specific search,not analyzed,locale: pa,,not offered on SaveFromNet,excluded to protect relevance and quality,,NOT RECOMMENDED,no,"No original, verified translation or locale-specific downloader is available; do not generate a thin locale page."
https://vidssave.com/pa/tiktok/how-to-download-tiktok-sounds,sitemap,not fetched,,,localized page,language-specific search,not analyzed,locale: pa,,not offered on SaveFromNet,excluded to protect relevance and quality,,NOT RECOMMENDED,no,"No original, verified translation or locale-specific downloader is available; do not generate a thin locale page."
https://vidssave.com/pa/topic/the-backrooms-movie,internal link,not fetched,,,localized page,language-specific search,not analyzed,locale: pa,,not offered on SaveFromNet,excluded to protect relevance and quality,,NOT RECOMMENDED,no,"No original, verified translation or locale-specific downloader is available; do not generate a thin locale page."
https://vidssave.com/pa/twitter-gif-downloader,sitemap,not fetched,,,localized page,language-specific search,not analyzed,locale: pa,,not offered on SaveFromNet,excluded to protect relevance and quality,,NOT RECOMMENDED,no,"No original, verified translation or locale-specific downloader is available; do not generate a thin locale page."
https://vidssave.com/pa/video,internal link,not fetched,,,localized page,language-specific search,not analyzed,locale: pa,,not offered on SaveFromNet,excluded to protect relevance and quality,,NOT RECOMMENDED,no,"No original, verified translation or locale-specific downloader is available; do not generate a thin locale page."
https://vidssave.com/pa/x,sitemap,not fetched,,,localized page,language-specific search,not analyzed,locale: pa,,not offered on SaveFromNet,excluded to protect relevance and quality,,NOT RECOMMENDED,no,"No original, verified translation or locale-specific downloader is available; do not generate a thin locale page."
https://vidssave.com/pa/youtube-audio-downloader,sitemap,not fetched,,,localized page,language-specific search,not analyzed,locale: pa,,not offered on SaveFromNet,excluded to protect relevance and quality,,NOT RECOMMENDED,no,"No original, verified translation or locale-specific downloader is available; do not generate a thin locale page."
https://vidssave.com/pa/youtube-movies,sitemap,not fetched,,,localized page,language-specific search,not analyzed,locale: pa,,not offered on SaveFromNet,excluded to protect relevance and quality,,NOT RECOMMENDED,no,"No original, verified translation or locale-specific downloader is available; do not generate a thin locale page."
https://vidssave.com/pa/youtube-music-download,sitemap,not fetched,,,localized page,language-specific search,not analyzed,locale: pa,,not offered on SaveFromNet,excluded to protect relevance and quality,,NOT RECOMMENDED,no,"No original, verified translation or locale-specific downloader is available; do not generate a thin locale page."
https://vidssave.com/pa/youtube-shorts-download,sitemap,not fetched,,,localized page,language-specific search,not analyzed,locale: pa,,not offered on SaveFromNet,excluded to protect relevance and quality,,NOT RECOMMENDED,no,"No original, verified translation or locale-specific downloader is available; do not generate a thin locale page."
https://vidssave.com/pa/youtube-song-downloader,sitemap,not fetched,,,localized page,language-specific search,not analyzed,locale: pa,,not offered on SaveFromNet,excluded to protect relevance and quality,,NOT RECOMMENDED,no,"No original, verified translation or locale-specific downloader is available; do not generate a thin locale page."
https://vidssave.com/pa/youtube-to-mp3,sitemap,not fetched,,,localized page,language-specific search,not analyzed,locale: pa,,not offered on SaveFromNet,excluded to protect relevance and quality,,NOT RECOMMENDED,no,"No original, verified translation or locale-specific downloader is available; do not generate a thin locale page."
https://vidssave.com/pa/youtube-to-mp4,sitemap,not fetched,,,localized page,language-specific search,not analyzed,locale: pa,,not offered on SaveFromNet,excluded to protect relevance and quality,,NOT RECOMMENDED,no,"No original, verified translation or locale-specific downloader is available; do not generate a thin locale page."
https://vidssave.com/pa/yt,sitemap,not fetched,,,localized page,language-specific search,not analyzed,locale: pa,,not offered on SaveFromNet,excluded to protect relevance and quality,,NOT RECOMMENDED,no,"No original, verified translation or locale-specific downloader is available; do not generate a thin locale page."
https://vidssave.com/pa/yt-downloader,sitemap,not fetched,,,localized page,language-specific search,not analyzed,locale: pa,,not offered on SaveFromNet,excluded to protect relevance and quality,,NOT RECOMMENDED,no,"No original, verified translation or locale-specific downloader is available; do not generate a thin locale page."
https://vidssave.com/pa/yt/how-to-download-youtube-shorts,sitemap,not fetched,,,localized page,language-specific search,not analyzed,locale: pa,,not offered on SaveFromNet,excluded to protect relevance and quality,,NOT RECOMMENDED,no,"No original, verified translation or locale-specific downloader is available; do not generate a thin locale page."
https://vidssave.com/pa/yt/how-to-extract-audio-from-youtube-video,sitemap,not fetched,,,localized page,language-specific search,not analyzed,locale: pa,,not offered on SaveFromNet,excluded to protect relevance and quality,,NOT RECOMMENDED,no,"No original, verified translation or locale-specific downloader is available; do not generate a thin locale page."
https://vidssave.com/pa/yt/why-cannot-i-download-youtube-videos,sitemap,not fetched,,,localized page,language-specific search,not analyzed,locale: pa,,not offered on SaveFromNet,excluded to protect relevance and quality,,NOT RECOMMENDED,no,"No original, verified translation or locale-specific downloader is available; do not generate a thin locale page."
https://vidssave.com/pa/yt/why-is-there-no-sound-after-downloading-youtube-video,sitemap,not fetched,,,localized page,language-specific search,not analyzed,locale: pa,,not offered on SaveFromNet,excluded to protect relevance and quality,,NOT RECOMMENDED,no,"No original, verified translation or locale-specific downloader is available; do not generate a thin locale page."
https://vidssave.com/photo,internal link,not fetched,,,tool alias,Instagram photo download,Instagram photo download,photo,,working downloader or content,answer Instagram photo download,https://savefromnet.fun/instagram-photo-downloader,CONSOLIDATED,yes,Mapped by supported function and intent; reference design and copy were not reused.
https://vidssave.com/photo-download,internal link,not fetched,,,linked alias or ancillary page,unverified distinct intent,unverified distinct intent,photo-download,,not offered on SaveFromNet,excluded to protect relevance and quality,,NOT RECOMMENDED,no,Linked but not a distinct sitemap target; verify need and functionality before creating a page.
https://vidssave.com/pin,internal link,not fetched,,,tool alias,Pinterest Pin media,Pinterest Pin media,pin,,working downloader or content,answer Pinterest Pin media,https://savefromnet.fun/pinterest-video-downloader,CONSOLIDATED,yes,Mapped by supported function and intent; reference design and copy were not reused.
https://vidssave.com/pin-3bx,sitemap,200,https://vidssave.com/pin-3bx,https://vidssave.com/pin-3bx,tool,Pinterest Pin media,Pinterest Pin media,pin-3bx,https://vidssave.com/about | https://vidssave.com/ar/pin | https://vidssave.com/bn/pin | https://vidssave.com/dailymotion | https://vidssave.com/dailymotion-1mf | https://vidssave.com/de/pin | https://vidssave.com/es/pin | https://vidssave.com/extension,working downloader or content,answer Pinterest Pin media,https://savefromnet.fun/pinterest-video-downloader,IMPLEMENTED,yes,Mapped by supported function and intent; reference design and copy were not reused.
https://vidssave.com/pin/pinterest-gif-downloader,sitemap,200,https://vidssave.com/pin/pinterest-gif-downloader,https://vidssave.com/pin/pinterest-gif-downloader,format tool,Pinterest GIF download,Pinterest GIF download,pin,https://vidssave.com/about | https://vidssave.com/ar/pin/pinterest-gif-downloader | https://vidssave.com/bn/pin/pinterest-gif-downloader | https://vidssave.com/dailymotion | https://vidssave.com/dailymotion-1mf | https://vidssave.com/de/pin/pinterest-gif-downloader | https://vidssave.com/es/pin/pinterest-gif-downloader | https://vidssave.com/extension,working downloader or content,answer Pinterest GIF download,https://savefromnet.fun/pinterest-video-downloader,CONSOLIDATED,yes,Mapped by supported function and intent; reference design and copy were not reused.
https://vidssave.com/pin/why-is-pinterest-not-letting-me-download,sitemap,200,https://vidssave.com/pin/why-is-pinterest-not-letting-me-download,https://vidssave.com/pin/why-is-pinterest-not-letting-me-download,guide,Pinterest download failures,Pinterest download failures,pin,https://vidssave.com/about | https://vidssave.com/ar/pin/why-is-pinterest-not-letting-me-download | https://vidssave.com/bn/pin/why-is-pinterest-not-letting-me-download | https://vidssave.com/dailymotion | https://vidssave.com/dailymotion-1mf | https://vidssave.com/de/pin/why-is-pinterest-not-letting-me-download | https://vidssave.com/es/pin/why-is-pinterest-not-letting-me-download | https://vidssave.com/extension,working downloader or content,answer Pinterest download failures,https://savefromnet.fun/guides/pinterest-pin-media,CONSOLIDATED,yes,Mapped by supported function and intent; reference design and copy were not reused.
https://vidssave.com/platform-supports,sitemap,200,https://vidssave.com/platform-supports,https://vidssave.com/platform-supports,platform directory,all supported platforms,all supported platforms,platform-supports,https://vidssave.com/about | https://vidssave.com/ar/platform-supports | https://vidssave.com/bn/platform-supports | https://vidssave.com/dailymotion | https://vidssave.com/dailymotion-1mf | https://vidssave.com/de/platform-supports | https://vidssave.com/es/platform-supports-1mf | https://vidssave.com/extension,working downloader or content,answer all supported platforms,https://savefromnet.fun/universal-video-downloader,CONSOLIDATED,yes,Mapped by supported function and intent; reference design and copy were not reused.
https://vidssave.com/privacy,sitemap,200,https://vidssave.com/privacy,https://vidssave.com/privacy,policy,privacy,privacy,privacy,https://vidssave.com/about | https://vidssave.com/ar/privacy | https://vidssave.com/bn/privacy | https://vidssave.com/cdn-cgi/l/email-protection | https://vidssave.com/dailymotion | https://vidssave.com/dailymotion-1mf | https://vidssave.com/de/privacy | https://vidssave.com/es/privacy,working downloader or content,answer privacy,https://savefromnet.fun/privacy-policy,IMPLEMENTED,yes,Mapped by supported function and intent; reference design and copy were not reused.
https://vidssave.com/profile,internal link,not fetched,,,tool alias,Instagram public profile media,Instagram public profile media,profile,,working downloader or content,answer Instagram public profile media,https://savefromnet.fun/instagram-profile-downloader,CONSOLIDATED,yes,Mapped by supported function and intent; reference design and copy were not reused.
https://vidssave.com/pt,internal link,not fetched,,,localized page,language-specific search,not analyzed,locale: pt,,not offered on SaveFromNet,excluded to protect relevance and quality,,NOT RECOMMENDED,no,"No original, verified translation or locale-specific downloader is available; do not generate a thin locale page."
https://vidssave.com/pt/about,sitemap,not fetched,,,localized page,language-specific search,not analyzed,locale: pt,,not offered on SaveFromNet,excluded to protect relevance and quality,,NOT RECOMMENDED,no,"No original, verified translation or locale-specific downloader is available; do not generate a thin locale page."
https://vidssave.com/pt/carousel,internal link,not fetched,,,localized page,language-specific search,not analyzed,locale: pt,,not offered on SaveFromNet,excluded to protect relevance and quality,,NOT RECOMMENDED,no,"No original, verified translation or locale-specific downloader is available; do not generate a thin locale page."
https://vidssave.com/pt/dailymotion,sitemap,not fetched,,,localized page,language-specific search,not analyzed,locale: pt,,not offered on SaveFromNet,excluded to protect relevance and quality,,NOT RECOMMENDED,no,"No original, verified translation or locale-specific downloader is available; do not generate a thin locale page."
https://vidssave.com/pt/extension,sitemap,not fetched,,,localized page,language-specific search,not analyzed,locale: pt,,not offered on SaveFromNet,excluded to protect relevance and quality,,NOT RECOMMENDED,no,"No original, verified translation or locale-specific downloader is available; do not generate a thin locale page."
https://vidssave.com/pt/extension/chrome,sitemap,not fetched,,,localized page,language-specific search,not analyzed,locale: pt,,not offered on SaveFromNet,excluded to protect relevance and quality,,NOT RECOMMENDED,no,"No original, verified translation or locale-specific downloader is available; do not generate a thin locale page."
https://vidssave.com/pt/facebook,sitemap,not fetched,,,localized page,language-specific search,not analyzed,locale: pt,,not offered on SaveFromNet,excluded to protect relevance and quality,,NOT RECOMMENDED,no,"No original, verified translation or locale-specific downloader is available; do not generate a thin locale page."
https://vidssave.com/pt/home,sitemap,not fetched,,,localized page,language-specific search,not analyzed,locale: pt,,not offered on SaveFromNet,excluded to protect relevance and quality,,NOT RECOMMENDED,no,"No original, verified translation or locale-specific downloader is available; do not generate a thin locale page."
https://vidssave.com/pt/ins,sitemap,not fetched,,,localized page,language-specific search,not analyzed,locale: pt,,not offered on SaveFromNet,excluded to protect relevance and quality,,NOT RECOMMENDED,no,"No original, verified translation or locale-specific downloader is available; do not generate a thin locale page."
https://vidssave.com/pt/ins/carousel,sitemap,not fetched,,,localized page,language-specific search,not analyzed,locale: pt,,not offered on SaveFromNet,excluded to protect relevance and quality,,NOT RECOMMENDED,no,"No original, verified translation or locale-specific downloader is available; do not generate a thin locale page."
https://vidssave.com/pt/ins/how-to-download-instagram-photos-in-hd,sitemap,not fetched,,,localized page,language-specific search,not analyzed,locale: pt,,not offered on SaveFromNet,excluded to protect relevance and quality,,NOT RECOMMENDED,no,"No original, verified translation or locale-specific downloader is available; do not generate a thin locale page."
https://vidssave.com/pt/ins/photo,sitemap,not fetched,,,localized page,language-specific search,not analyzed,locale: pt,,not offered on SaveFromNet,excluded to protect relevance and quality,,NOT RECOMMENDED,no,"No original, verified translation or locale-specific downloader is available; do not generate a thin locale page."
https://vidssave.com/pt/ins/profile,sitemap,not fetched,,,localized page,language-specific search,not analyzed,locale: pt,,not offered on SaveFromNet,excluded to protect relevance and quality,,NOT RECOMMENDED,no,"No original, verified translation or locale-specific downloader is available; do not generate a thin locale page."
https://vidssave.com/pt/ins/reels,sitemap,not fetched,,,localized page,language-specific search,not analyzed,locale: pt,,not offered on SaveFromNet,excluded to protect relevance and quality,,NOT RECOMMENDED,no,"No original, verified translation or locale-specific downloader is available; do not generate a thin locale page."
https://vidssave.com/pt/ins/story,sitemap,not fetched,,,localized page,language-specific search,not analyzed,locale: pt,,not offered on SaveFromNet,excluded to protect relevance and quality,,NOT RECOMMENDED,no,"No original, verified translation or locale-specific downloader is available; do not generate a thin locale page."
https://vidssave.com/pt/ins/video,sitemap,not fetched,,,localized page,language-specific search,not analyzed,locale: pt,,not offered on SaveFromNet,excluded to protect relevance and quality,,NOT RECOMMENDED,no,"No original, verified translation or locale-specific downloader is available; do not generate a thin locale page."
https://vidssave.com/pt/photo,internal link,not fetched,,,localized page,language-specific search,not analyzed,locale: pt,,not offered on SaveFromNet,excluded to protect relevance and quality,,NOT RECOMMENDED,no,"No original, verified translation or locale-specific downloader is available; do not generate a thin locale page."
https://vidssave.com/pt/pin,sitemap,not fetched,,,localized page,language-specific search,not analyzed,locale: pt,,not offered on SaveFromNet,excluded to protect relevance and quality,,NOT RECOMMENDED,no,"No original, verified translation or locale-specific downloader is available; do not generate a thin locale page."
https://vidssave.com/pt/pin/pinterest-gif-downloader,sitemap,not fetched,,,localized page,language-specific search,not analyzed,locale: pt,,not offered on SaveFromNet,excluded to protect relevance and quality,,NOT RECOMMENDED,no,"No original, verified translation or locale-specific downloader is available; do not generate a thin locale page."
https://vidssave.com/pt/pin/why-is-pinterest-not-letting-me-download,sitemap,not fetched,,,localized page,language-specific search,not analyzed,locale: pt,,not offered on SaveFromNet,excluded to protect relevance and quality,,NOT RECOMMENDED,no,"No original, verified translation or locale-specific downloader is available; do not generate a thin locale page."
https://vidssave.com/pt/platform-supports,sitemap,not fetched,,,localized page,language-specific search,not analyzed,locale: pt,,not offered on SaveFromNet,excluded to protect relevance and quality,,NOT RECOMMENDED,no,"No original, verified translation or locale-specific downloader is available; do not generate a thin locale page."
https://vidssave.com/pt/privacy,sitemap,not fetched,,,localized page,language-specific search,not analyzed,locale: pt,,not offered on SaveFromNet,excluded to protect relevance and quality,,NOT RECOMMENDED,no,"No original, verified translation or locale-specific downloader is available; do not generate a thin locale page."
https://vidssave.com/pt/profile,internal link,not fetched,,,localized page,language-specific search,not analyzed,locale: pt,,not offered on SaveFromNet,excluded to protect relevance and quality,,NOT RECOMMENDED,no,"No original, verified translation or locale-specific downloader is available; do not generate a thin locale page."
https://vidssave.com/pt/reddit,sitemap,not fetched,,,localized page,language-specific search,not analyzed,locale: pt,,not offered on SaveFromNet,excluded to protect relevance and quality,,NOT RECOMMENDED,no,"No original, verified translation or locale-specific downloader is available; do not generate a thin locale page."
https://vidssave.com/pt/reels,internal link,not fetched,,,localized page,language-specific search,not analyzed,locale: pt,,not offered on SaveFromNet,excluded to protect relevance and quality,,NOT RECOMMENDED,no,"No original, verified translation or locale-specific downloader is available; do not generate a thin locale page."
https://vidssave.com/pt/story,internal link,not fetched,,,localized page,language-specific search,not analyzed,locale: pt,,not offered on SaveFromNet,excluded to protect relevance and quality,,NOT RECOMMENDED,no,"No original, verified translation or locale-specific downloader is available; do not generate a thin locale page."
https://vidssave.com/pt/terms,sitemap,not fetched,,,localized page,language-specific search,not analyzed,locale: pt,,not offered on SaveFromNet,excluded to protect relevance and quality,,NOT RECOMMENDED,no,"No original, verified translation or locale-specific downloader is available; do not generate a thin locale page."
https://vidssave.com/pt/threads,sitemap,not fetched,,,localized page,language-specific search,not analyzed,locale: pt,,not offered on SaveFromNet,excluded to protect relevance and quality,,NOT RECOMMENDED,no,"No original, verified translation or locale-specific downloader is available; do not generate a thin locale page."
https://vidssave.com/pt/tiktok,sitemap,not fetched,,,localized page,language-specific search,not analyzed,locale: pt,,not offered on SaveFromNet,excluded to protect relevance and quality,,NOT RECOMMENDED,no,"No original, verified translation or locale-specific downloader is available; do not generate a thin locale page."
https://vidssave.com/pt/tiktok-mp3-download,internal link,not fetched,,,localized page,language-specific search,not analyzed,locale: pt,,not offered on SaveFromNet,excluded to protect relevance and quality,,NOT RECOMMENDED,no,"No original, verified translation or locale-specific downloader is available; do not generate a thin locale page."
https://vidssave.com/pt/tiktok-story-downloader,sitemap,not fetched,,,localized page,language-specific search,not analyzed,locale: pt,,not offered on SaveFromNet,excluded to protect relevance and quality,,NOT RECOMMENDED,no,"No original, verified translation or locale-specific downloader is available; do not generate a thin locale page."
https://vidssave.com/pt/tiktok-to-mp3,sitemap,not fetched,,,localized page,language-specific search,not analyzed,locale: pt,,not offered on SaveFromNet,excluded to protect relevance and quality,,NOT RECOMMENDED,no,"No original, verified translation or locale-specific downloader is available; do not generate a thin locale page."
https://vidssave.com/pt/tiktok/how-to-download-tiktok-sounds,sitemap,not fetched,,,localized page,language-specific search,not analyzed,locale: pt,,not offered on SaveFromNet,excluded to protect relevance and quality,,NOT RECOMMENDED,no,"No original, verified translation or locale-specific downloader is available; do not generate a thin locale page."
https://vidssave.com/pt/topic/the-backrooms-movie,internal link,not fetched,,,localized page,language-specific search,not analyzed,locale: pt,,not offered on SaveFromNet,excluded to protect relevance and quality,,NOT RECOMMENDED,no,"No original, verified translation or locale-specific downloader is available; do not generate a thin locale page."
https://vidssave.com/pt/twitter-gif-downloader,sitemap,not fetched,,,localized page,language-specific search,not analyzed,locale: pt,,not offered on SaveFromNet,excluded to protect relevance and quality,,NOT RECOMMENDED,no,"No original, verified translation or locale-specific downloader is available; do not generate a thin locale page."
https://vidssave.com/pt/video,internal link,not fetched,,,localized page,language-specific search,not analyzed,locale: pt,,not offered on SaveFromNet,excluded to protect relevance and quality,,NOT RECOMMENDED,no,"No original, verified translation or locale-specific downloader is available; do not generate a thin locale page."
https://vidssave.com/pt/x,sitemap,not fetched,,,localized page,language-specific search,not analyzed,locale: pt,,not offered on SaveFromNet,excluded to protect relevance and quality,,NOT RECOMMENDED,no,"No original, verified translation or locale-specific downloader is available; do not generate a thin locale page."
https://vidssave.com/pt/youtube-audio-downloader,sitemap,not fetched,,,localized page,language-specific search,not analyzed,locale: pt,,not offered on SaveFromNet,excluded to protect relevance and quality,,NOT RECOMMENDED,no,"No original, verified translation or locale-specific downloader is available; do not generate a thin locale page."
https://vidssave.com/pt/youtube-movies,sitemap,not fetched,,,localized page,language-specific search,not analyzed,locale: pt,,not offered on SaveFromNet,excluded to protect relevance and quality,,NOT RECOMMENDED,no,"No original, verified translation or locale-specific downloader is available; do not generate a thin locale page."
https://vidssave.com/pt/youtube-music-download,sitemap,not fetched,,,localized page,language-specific search,not analyzed,locale: pt,,not offered on SaveFromNet,excluded to protect relevance and quality,,NOT RECOMMENDED,no,"No original, verified translation or locale-specific downloader is available; do not generate a thin locale page."
https://vidssave.com/pt/youtube-shorts-download,sitemap,not fetched,,,localized page,language-specific search,not analyzed,locale: pt,,not offered on SaveFromNet,excluded to protect relevance and quality,,NOT RECOMMENDED,no,"No original, verified translation or locale-specific downloader is available; do not generate a thin locale page."
https://vidssave.com/pt/youtube-song-downloader,sitemap,not fetched,,,localized page,language-specific search,not analyzed,locale: pt,,not offered on SaveFromNet,excluded to protect relevance and quality,,NOT RECOMMENDED,no,"No original, verified translation or locale-specific downloader is available; do not generate a thin locale page."
https://vidssave.com/pt/youtube-to-mp3,sitemap,not fetched,,,localized page,language-specific search,not analyzed,locale: pt,,not offered on SaveFromNet,excluded to protect relevance and quality,,NOT RECOMMENDED,no,"No original, verified translation or locale-specific downloader is available; do not generate a thin locale page."
https://vidssave.com/pt/youtube-to-mp4,sitemap,not fetched,,,localized page,language-specific search,not analyzed,locale: pt,,not offered on SaveFromNet,excluded to protect relevance and quality,,NOT RECOMMENDED,no,"No original, verified translation or locale-specific downloader is available; do not generate a thin locale page."
https://vidssave.com/pt/yt-downloader,sitemap,not fetched,,,localized page,language-specific search,not analyzed,locale: pt,,not offered on SaveFromNet,excluded to protect relevance and quality,,NOT RECOMMENDED,no,"No original, verified translation or locale-specific downloader is available; do not generate a thin locale page."
https://vidssave.com/pt/yt/how-to-download-youtube-shorts,sitemap,not fetched,,,localized page,language-specific search,not analyzed,locale: pt,,not offered on SaveFromNet,excluded to protect relevance and quality,,NOT RECOMMENDED,no,"No original, verified translation or locale-specific downloader is available; do not generate a thin locale page."
https://vidssave.com/pt/yt/how-to-extract-audio-from-youtube-video,sitemap,not fetched,,,localized page,language-specific search,not analyzed,locale: pt,,not offered on SaveFromNet,excluded to protect relevance and quality,,NOT RECOMMENDED,no,"No original, verified translation or locale-specific downloader is available; do not generate a thin locale page."
https://vidssave.com/pt/yt/why-cannot-i-download-youtube-videos,sitemap,not fetched,,,localized page,language-specific search,not analyzed,locale: pt,,not offered on SaveFromNet,excluded to protect relevance and quality,,NOT RECOMMENDED,no,"No original, verified translation or locale-specific downloader is available; do not generate a thin locale page."
https://vidssave.com/pt/yt/why-is-there-no-sound-after-downloading-youtube-video,sitemap,not fetched,,,localized page,language-specific search,not analyzed,locale: pt,,not offered on SaveFromNet,excluded to protect relevance and quality,,NOT RECOMMENDED,no,"No original, verified translation or locale-specific downloader is available; do not generate a thin locale page."
https://vidssave.com/reddit,sitemap,200,https://vidssave.com/reddit,https://vidssave.com/reddit,tool,Reddit video download,Reddit video download,reddit,https://vidssave.com/about | https://vidssave.com/ar/reddit | https://vidssave.com/bn/reddit | https://vidssave.com/dailymotion | https://vidssave.com/dailymotion-1mf | https://vidssave.com/de/reddit | https://vidssave.com/es/reddit | https://vidssave.com/extension,working downloader or content,answer Reddit video download,https://savefromnet.fun/reddit-video-downloader,IMPLEMENTED,yes,Mapped by supported function and intent; reference design and copy were not reused.
https://vidssave.com/reels,internal link,not fetched,,,tool alias,Instagram Reels download,Instagram Reels download,reels,,working downloader or content,answer Instagram Reels download,https://savefromnet.fun/instagram-reels-downloader,CONSOLIDATED,yes,Mapped by supported function and intent; reference design and copy were not reused.
https://vidssave.com/ru,internal link,not fetched,,,localized page,language-specific search,not analyzed,locale: ru,,not offered on SaveFromNet,excluded to protect relevance and quality,,NOT RECOMMENDED,no,"No original, verified translation or locale-specific downloader is available; do not generate a thin locale page."
https://vidssave.com/ru/about,sitemap,not fetched,,,localized page,language-specific search,not analyzed,locale: ru,,not offered on SaveFromNet,excluded to protect relevance and quality,,NOT RECOMMENDED,no,"No original, verified translation or locale-specific downloader is available; do not generate a thin locale page."
https://vidssave.com/ru/carousel,internal link,not fetched,,,localized page,language-specific search,not analyzed,locale: ru,,not offered on SaveFromNet,excluded to protect relevance and quality,,NOT RECOMMENDED,no,"No original, verified translation or locale-specific downloader is available; do not generate a thin locale page."
https://vidssave.com/ru/dailymotion,sitemap,not fetched,,,localized page,language-specific search,not analyzed,locale: ru,,not offered on SaveFromNet,excluded to protect relevance and quality,,NOT RECOMMENDED,no,"No original, verified translation or locale-specific downloader is available; do not generate a thin locale page."
https://vidssave.com/ru/extension,sitemap,not fetched,,,localized page,language-specific search,not analyzed,locale: ru,,not offered on SaveFromNet,excluded to protect relevance and quality,,NOT RECOMMENDED,no,"No original, verified translation or locale-specific downloader is available; do not generate a thin locale page."
https://vidssave.com/ru/extension/chrome,sitemap,not fetched,,,localized page,language-specific search,not analyzed,locale: ru,,not offered on SaveFromNet,excluded to protect relevance and quality,,NOT RECOMMENDED,no,"No original, verified translation or locale-specific downloader is available; do not generate a thin locale page."
https://vidssave.com/ru/facebook,sitemap,not fetched,,,localized page,language-specific search,not analyzed,locale: ru,,not offered on SaveFromNet,excluded to protect relevance and quality,,NOT RECOMMENDED,no,"No original, verified translation or locale-specific downloader is available; do not generate a thin locale page."
https://vidssave.com/ru/home,sitemap,not fetched,,,localized page,language-specific search,not analyzed,locale: ru,,not offered on SaveFromNet,excluded to protect relevance and quality,,NOT RECOMMENDED,no,"No original, verified translation or locale-specific downloader is available; do not generate a thin locale page."
https://vidssave.com/ru/ins,sitemap,not fetched,,,localized page,language-specific search,not analyzed,locale: ru,,not offered on SaveFromNet,excluded to protect relevance and quality,,NOT RECOMMENDED,no,"No original, verified translation or locale-specific downloader is available; do not generate a thin locale page."
https://vidssave.com/ru/ins/carousel,sitemap,not fetched,,,localized page,language-specific search,not analyzed,locale: ru,,not offered on SaveFromNet,excluded to protect relevance and quality,,NOT RECOMMENDED,no,"No original, verified translation or locale-specific downloader is available; do not generate a thin locale page."
https://vidssave.com/ru/ins/how-to-download-instagram-photos-in-hd,sitemap,not fetched,,,localized page,language-specific search,not analyzed,locale: ru,,not offered on SaveFromNet,excluded to protect relevance and quality,,NOT RECOMMENDED,no,"No original, verified translation or locale-specific downloader is available; do not generate a thin locale page."
https://vidssave.com/ru/ins/photo,sitemap,not fetched,,,localized page,language-specific search,not analyzed,locale: ru,,not offered on SaveFromNet,excluded to protect relevance and quality,,NOT RECOMMENDED,no,"No original, verified translation or locale-specific downloader is available; do not generate a thin locale page."
https://vidssave.com/ru/ins/profile,sitemap,not fetched,,,localized page,language-specific search,not analyzed,locale: ru,,not offered on SaveFromNet,excluded to protect relevance and quality,,NOT RECOMMENDED,no,"No original, verified translation or locale-specific downloader is available; do not generate a thin locale page."
https://vidssave.com/ru/ins/reels,sitemap,not fetched,,,localized page,language-specific search,not analyzed,locale: ru,,not offered on SaveFromNet,excluded to protect relevance and quality,,NOT RECOMMENDED,no,"No original, verified translation or locale-specific downloader is available; do not generate a thin locale page."
https://vidssave.com/ru/ins/story,sitemap,not fetched,,,localized page,language-specific search,not analyzed,locale: ru,,not offered on SaveFromNet,excluded to protect relevance and quality,,NOT RECOMMENDED,no,"No original, verified translation or locale-specific downloader is available; do not generate a thin locale page."
https://vidssave.com/ru/ins/video,sitemap,not fetched,,,localized page,language-specific search,not analyzed,locale: ru,,not offered on SaveFromNet,excluded to protect relevance and quality,,NOT RECOMMENDED,no,"No original, verified translation or locale-specific downloader is available; do not generate a thin locale page."
https://vidssave.com/ru/photo,internal link,not fetched,,,localized page,language-specific search,not analyzed,locale: ru,,not offered on SaveFromNet,excluded to protect relevance and quality,,NOT RECOMMENDED,no,"No original, verified translation or locale-specific downloader is available; do not generate a thin locale page."
https://vidssave.com/ru/pin,sitemap,not fetched,,,localized page,language-specific search,not analyzed,locale: ru,,not offered on SaveFromNet,excluded to protect relevance and quality,,NOT RECOMMENDED,no,"No original, verified translation or locale-specific downloader is available; do not generate a thin locale page."
https://vidssave.com/ru/pin/pinterest-gif-downloader,sitemap,not fetched,,,localized page,language-specific search,not analyzed,locale: ru,,not offered on SaveFromNet,excluded to protect relevance and quality,,NOT RECOMMENDED,no,"No original, verified translation or locale-specific downloader is available; do not generate a thin locale page."
https://vidssave.com/ru/pin/why-is-pinterest-not-letting-me-download,sitemap,not fetched,,,localized page,language-specific search,not analyzed,locale: ru,,not offered on SaveFromNet,excluded to protect relevance and quality,,NOT RECOMMENDED,no,"No original, verified translation or locale-specific downloader is available; do not generate a thin locale page."
https://vidssave.com/ru/platform-supports,sitemap,not fetched,,,localized page,language-specific search,not analyzed,locale: ru,,not offered on SaveFromNet,excluded to protect relevance and quality,,NOT RECOMMENDED,no,"No original, verified translation or locale-specific downloader is available; do not generate a thin locale page."
https://vidssave.com/ru/privacy,sitemap,not fetched,,,localized page,language-specific search,not analyzed,locale: ru,,not offered on SaveFromNet,excluded to protect relevance and quality,,NOT RECOMMENDED,no,"No original, verified translation or locale-specific downloader is available; do not generate a thin locale page."
https://vidssave.com/ru/profile,internal link,not fetched,,,localized page,language-specific search,not analyzed,locale: ru,,not offered on SaveFromNet,excluded to protect relevance and quality,,NOT RECOMMENDED,no,"No original, verified translation or locale-specific downloader is available; do not generate a thin locale page."
https://vidssave.com/ru/reddit,sitemap,not fetched,,,localized page,language-specific search,not analyzed,locale: ru,,not offered on SaveFromNet,excluded to protect relevance and quality,,NOT RECOMMENDED,no,"No original, verified translation or locale-specific downloader is available; do not generate a thin locale page."
https://vidssave.com/ru/reels,internal link,not fetched,,,localized page,language-specific search,not analyzed,locale: ru,,not offered on SaveFromNet,excluded to protect relevance and quality,,NOT RECOMMENDED,no,"No original, verified translation or locale-specific downloader is available; do not generate a thin locale page."
https://vidssave.com/ru/story,internal link,not fetched,,,localized page,language-specific search,not analyzed,locale: ru,,not offered on SaveFromNet,excluded to protect relevance and quality,,NOT RECOMMENDED,no,"No original, verified translation or locale-specific downloader is available; do not generate a thin locale page."
https://vidssave.com/ru/terms,sitemap,not fetched,,,localized page,language-specific search,not analyzed,locale: ru,,not offered on SaveFromNet,excluded to protect relevance and quality,,NOT RECOMMENDED,no,"No original, verified translation or locale-specific downloader is available; do not generate a thin locale page."
https://vidssave.com/ru/threads,sitemap,not fetched,,,localized page,language-specific search,not analyzed,locale: ru,,not offered on SaveFromNet,excluded to protect relevance and quality,,NOT RECOMMENDED,no,"No original, verified translation or locale-specific downloader is available; do not generate a thin locale page."
https://vidssave.com/ru/tiktok,sitemap,not fetched,,,localized page,language-specific search,not analyzed,locale: ru,,not offered on SaveFromNet,excluded to protect relevance and quality,,NOT RECOMMENDED,no,"No original, verified translation or locale-specific downloader is available; do not generate a thin locale page."
https://vidssave.com/ru/tiktok-mp3-download,internal link,not fetched,,,localized page,language-specific search,not analyzed,locale: ru,,not offered on SaveFromNet,excluded to protect relevance and quality,,NOT RECOMMENDED,no,"No original, verified translation or locale-specific downloader is available; do not generate a thin locale page."
https://vidssave.com/ru/tiktok-story-downloader,sitemap,not fetched,,,localized page,language-specific search,not analyzed,locale: ru,,not offered on SaveFromNet,excluded to protect relevance and quality,,NOT RECOMMENDED,no,"No original, verified translation or locale-specific downloader is available; do not generate a thin locale page."
https://vidssave.com/ru/tiktok-to-mp3,sitemap,not fetched,,,localized page,language-specific search,not analyzed,locale: ru,,not offered on SaveFromNet,excluded to protect relevance and quality,,NOT RECOMMENDED,no,"No original, verified translation or locale-specific downloader is available; do not generate a thin locale page."
https://vidssave.com/ru/tiktok/how-to-download-tiktok-sounds,sitemap,not fetched,,,localized page,language-specific search,not analyzed,locale: ru,,not offered on SaveFromNet,excluded to protect relevance and quality,,NOT RECOMMENDED,no,"No original, verified translation or locale-specific downloader is available; do not generate a thin locale page."
https://vidssave.com/ru/topic/the-backrooms-movie,internal link,not fetched,,,localized page,language-specific search,not analyzed,locale: ru,,not offered on SaveFromNet,excluded to protect relevance and quality,,NOT RECOMMENDED,no,"No original, verified translation or locale-specific downloader is available; do not generate a thin locale page."
https://vidssave.com/ru/twitter-gif-downloader,sitemap,not fetched,,,localized page,language-specific search,not analyzed,locale: ru,,not offered on SaveFromNet,excluded to protect relevance and quality,,NOT RECOMMENDED,no,"No original, verified translation or locale-specific downloader is available; do not generate a thin locale page."
https://vidssave.com/ru/video,internal link,not fetched,,,localized page,language-specific search,not analyzed,locale: ru,,not offered on SaveFromNet,excluded to protect relevance and quality,,NOT RECOMMENDED,no,"No original, verified translation or locale-specific downloader is available; do not generate a thin locale page."
https://vidssave.com/ru/x,sitemap,not fetched,,,localized page,language-specific search,not analyzed,locale: ru,,not offered on SaveFromNet,excluded to protect relevance and quality,,NOT RECOMMENDED,no,"No original, verified translation or locale-specific downloader is available; do not generate a thin locale page."
https://vidssave.com/ru/youtube-audio-downloader,sitemap,not fetched,,,localized page,language-specific search,not analyzed,locale: ru,,not offered on SaveFromNet,excluded to protect relevance and quality,,NOT RECOMMENDED,no,"No original, verified translation or locale-specific downloader is available; do not generate a thin locale page."
https://vidssave.com/ru/youtube-movies,sitemap,not fetched,,,localized page,language-specific search,not analyzed,locale: ru,,not offered on SaveFromNet,excluded to protect relevance and quality,,NOT RECOMMENDED,no,"No original, verified translation or locale-specific downloader is available; do not generate a thin locale page."
https://vidssave.com/ru/youtube-music-download,sitemap,not fetched,,,localized page,language-specific search,not analyzed,locale: ru,,not offered on SaveFromNet,excluded to protect relevance and quality,,NOT RECOMMENDED,no,"No original, verified translation or locale-specific downloader is available; do not generate a thin locale page."
https://vidssave.com/ru/youtube-shorts-download,sitemap,not fetched,,,localized page,language-specific search,not analyzed,locale: ru,,not offered on SaveFromNet,excluded to protect relevance and quality,,NOT RECOMMENDED,no,"No original, verified translation or locale-specific downloader is available; do not generate a thin locale page."
https://vidssave.com/ru/youtube-song-downloader,sitemap,not fetched,,,localized page,language-specific search,not analyzed,locale: ru,,not offered on SaveFromNet,excluded to protect relevance and quality,,NOT RECOMMENDED,no,"No original, verified translation or locale-specific downloader is available; do not generate a thin locale page."
https://vidssave.com/ru/youtube-to-mp3,internal link,not fetched,,,localized page,language-specific search,not analyzed,locale: ru,,not offered on SaveFromNet,excluded to protect relevance and quality,,NOT RECOMMENDED,no,"No original, verified translation or locale-specific downloader is available; do not generate a thin locale page."
https://vidssave.com/ru/youtube-to-mp3-1mf,sitemap,not fetched,,,localized page,language-specific search,not analyzed,locale: ru,,not offered on SaveFromNet,excluded to protect relevance and quality,,NOT RECOMMENDED,no,"No original, verified translation or locale-specific downloader is available; do not generate a thin locale page."
https://vidssave.com/ru/youtube-to-mp4,sitemap,not fetched,,,localized page,language-specific search,not analyzed,locale: ru,,not offered on SaveFromNet,excluded to protect relevance and quality,,NOT RECOMMENDED,no,"No original, verified translation or locale-specific downloader is available; do not generate a thin locale page."
https://vidssave.com/ru/yt,sitemap,not fetched,,,localized page,language-specific search,not analyzed,locale: ru,,not offered on SaveFromNet,excluded to protect relevance and quality,,NOT RECOMMENDED,no,"No original, verified translation or locale-specific downloader is available; do not generate a thin locale page."
https://vidssave.com/ru/yt-downloader,sitemap,not fetched,,,localized page,language-specific search,not analyzed,locale: ru,,not offered on SaveFromNet,excluded to protect relevance and quality,,NOT RECOMMENDED,no,"No original, verified translation or locale-specific downloader is available; do not generate a thin locale page."
https://vidssave.com/ru/yt/how-to-download-youtube-shorts,sitemap,not fetched,,,localized page,language-specific search,not analyzed,locale: ru,,not offered on SaveFromNet,excluded to protect relevance and quality,,NOT RECOMMENDED,no,"No original, verified translation or locale-specific downloader is available; do not generate a thin locale page."
https://vidssave.com/ru/yt/how-to-extract-audio-from-youtube-video,sitemap,not fetched,,,localized page,language-specific search,not analyzed,locale: ru,,not offered on SaveFromNet,excluded to protect relevance and quality,,NOT RECOMMENDED,no,"No original, verified translation or locale-specific downloader is available; do not generate a thin locale page."
https://vidssave.com/ru/yt/why-cannot-i-download-youtube-videos,sitemap,not fetched,,,localized page,language-specific search,not analyzed,locale: ru,,not offered on SaveFromNet,excluded to protect relevance and quality,,NOT RECOMMENDED,no,"No original, verified translation or locale-specific downloader is available; do not generate a thin locale page."
https://vidssave.com/ru/yt/why-is-there-no-sound-after-downloading-youtube-video,sitemap,not fetched,,,localized page,language-specific search,not analyzed,locale: ru,,not offered on SaveFromNet,excluded to protect relevance and quality,,NOT RECOMMENDED,no,"No original, verified translation or locale-specific downloader is available; do not generate a thin locale page."
https://vidssave.com/story,internal link,not fetched,,,tool alias,Instagram Story download,Instagram Story download,story,,working downloader or content,answer Instagram Story download,https://savefromnet.fun/instagram-story-downloader,CONSOLIDATED,yes,Mapped by supported function and intent; reference design and copy were not reused.
https://vidssave.com/story-download,internal link,not fetched,,,linked alias or ancillary page,unverified distinct intent,unverified distinct intent,story-download,,not offered on SaveFromNet,excluded to protect relevance and quality,,NOT RECOMMENDED,no,Linked but not a distinct sitemap target; verify need and functionality before creating a page.
https://vidssave.com/ta,internal link,not fetched,,,localized page,language-specific search,not analyzed,locale: ta,,not offered on SaveFromNet,excluded to protect relevance and quality,,NOT RECOMMENDED,no,"No original, verified translation or locale-specific downloader is available; do not generate a thin locale page."
https://vidssave.com/ta/about,sitemap,not fetched,,,localized page,language-specific search,not analyzed,locale: ta,,not offered on SaveFromNet,excluded to protect relevance and quality,,NOT RECOMMENDED,no,"No original, verified translation or locale-specific downloader is available; do not generate a thin locale page."
https://vidssave.com/ta/carousel,internal link,not fetched,,,localized page,language-specific search,not analyzed,locale: ta,,not offered on SaveFromNet,excluded to protect relevance and quality,,NOT RECOMMENDED,no,"No original, verified translation or locale-specific downloader is available; do not generate a thin locale page."
https://vidssave.com/ta/dailymotion,sitemap,not fetched,,,localized page,language-specific search,not analyzed,locale: ta,,not offered on SaveFromNet,excluded to protect relevance and quality,,NOT RECOMMENDED,no,"No original, verified translation or locale-specific downloader is available; do not generate a thin locale page."
https://vidssave.com/ta/extension,sitemap,not fetched,,,localized page,language-specific search,not analyzed,locale: ta,,not offered on SaveFromNet,excluded to protect relevance and quality,,NOT RECOMMENDED,no,"No original, verified translation or locale-specific downloader is available; do not generate a thin locale page."
https://vidssave.com/ta/extension/chrome,sitemap,not fetched,,,localized page,language-specific search,not analyzed,locale: ta,,not offered on SaveFromNet,excluded to protect relevance and quality,,NOT RECOMMENDED,no,"No original, verified translation or locale-specific downloader is available; do not generate a thin locale page."
https://vidssave.com/ta/facebook,sitemap,not fetched,,,localized page,language-specific search,not analyzed,locale: ta,,not offered on SaveFromNet,excluded to protect relevance and quality,,NOT RECOMMENDED,no,"No original, verified translation or locale-specific downloader is available; do not generate a thin locale page."
https://vidssave.com/ta/home,sitemap,not fetched,,,localized page,language-specific search,not analyzed,locale: ta,,not offered on SaveFromNet,excluded to protect relevance and quality,,NOT RECOMMENDED,no,"No original, verified translation or locale-specific downloader is available; do not generate a thin locale page."
https://vidssave.com/ta/ins,sitemap,not fetched,,,localized page,language-specific search,not analyzed,locale: ta,,not offered on SaveFromNet,excluded to protect relevance and quality,,NOT RECOMMENDED,no,"No original, verified translation or locale-specific downloader is available; do not generate a thin locale page."
https://vidssave.com/ta/ins/carousel,sitemap,not fetched,,,localized page,language-specific search,not analyzed,locale: ta,,not offered on SaveFromNet,excluded to protect relevance and quality,,NOT RECOMMENDED,no,"No original, verified translation or locale-specific downloader is available; do not generate a thin locale page."
https://vidssave.com/ta/ins/how-to-download-instagram-photos-in-hd,sitemap,not fetched,,,localized page,language-specific search,not analyzed,locale: ta,,not offered on SaveFromNet,excluded to protect relevance and quality,,NOT RECOMMENDED,no,"No original, verified translation or locale-specific downloader is available; do not generate a thin locale page."
https://vidssave.com/ta/ins/photo,sitemap,not fetched,,,localized page,language-specific search,not analyzed,locale: ta,,not offered on SaveFromNet,excluded to protect relevance and quality,,NOT RECOMMENDED,no,"No original, verified translation or locale-specific downloader is available; do not generate a thin locale page."
https://vidssave.com/ta/ins/profile,sitemap,not fetched,,,localized page,language-specific search,not analyzed,locale: ta,,not offered on SaveFromNet,excluded to protect relevance and quality,,NOT RECOMMENDED,no,"No original, verified translation or locale-specific downloader is available; do not generate a thin locale page."
https://vidssave.com/ta/ins/reels,sitemap,not fetched,,,localized page,language-specific search,not analyzed,locale: ta,,not offered on SaveFromNet,excluded to protect relevance and quality,,NOT RECOMMENDED,no,"No original, verified translation or locale-specific downloader is available; do not generate a thin locale page."
https://vidssave.com/ta/ins/story,sitemap,not fetched,,,localized page,language-specific search,not analyzed,locale: ta,,not offered on SaveFromNet,excluded to protect relevance and quality,,NOT RECOMMENDED,no,"No original, verified translation or locale-specific downloader is available; do not generate a thin locale page."
https://vidssave.com/ta/ins/video,sitemap,not fetched,,,localized page,language-specific search,not analyzed,locale: ta,,not offered on SaveFromNet,excluded to protect relevance and quality,,NOT RECOMMENDED,no,"No original, verified translation or locale-specific downloader is available; do not generate a thin locale page."
https://vidssave.com/ta/photo,internal link,not fetched,,,localized page,language-specific search,not analyzed,locale: ta,,not offered on SaveFromNet,excluded to protect relevance and quality,,NOT RECOMMENDED,no,"No original, verified translation or locale-specific downloader is available; do not generate a thin locale page."
https://vidssave.com/ta/pin,sitemap,not fetched,,,localized page,language-specific search,not analyzed,locale: ta,,not offered on SaveFromNet,excluded to protect relevance and quality,,NOT RECOMMENDED,no,"No original, verified translation or locale-specific downloader is available; do not generate a thin locale page."
https://vidssave.com/ta/pin/pinterest-gif-downloader,sitemap,not fetched,,,localized page,language-specific search,not analyzed,locale: ta,,not offered on SaveFromNet,excluded to protect relevance and quality,,NOT RECOMMENDED,no,"No original, verified translation or locale-specific downloader is available; do not generate a thin locale page."
https://vidssave.com/ta/pin/why-is-pinterest-not-letting-me-download,sitemap,not fetched,,,localized page,language-specific search,not analyzed,locale: ta,,not offered on SaveFromNet,excluded to protect relevance and quality,,NOT RECOMMENDED,no,"No original, verified translation or locale-specific downloader is available; do not generate a thin locale page."
https://vidssave.com/ta/platform-supports,sitemap,not fetched,,,localized page,language-specific search,not analyzed,locale: ta,,not offered on SaveFromNet,excluded to protect relevance and quality,,NOT RECOMMENDED,no,"No original, verified translation or locale-specific downloader is available; do not generate a thin locale page."
https://vidssave.com/ta/privacy,sitemap,not fetched,,,localized page,language-specific search,not analyzed,locale: ta,,not offered on SaveFromNet,excluded to protect relevance and quality,,NOT RECOMMENDED,no,"No original, verified translation or locale-specific downloader is available; do not generate a thin locale page."
https://vidssave.com/ta/profile,internal link,not fetched,,,localized page,language-specific search,not analyzed,locale: ta,,not offered on SaveFromNet,excluded to protect relevance and quality,,NOT RECOMMENDED,no,"No original, verified translation or locale-specific downloader is available; do not generate a thin locale page."
https://vidssave.com/ta/reddit,sitemap,not fetched,,,localized page,language-specific search,not analyzed,locale: ta,,not offered on SaveFromNet,excluded to protect relevance and quality,,NOT RECOMMENDED,no,"No original, verified translation or locale-specific downloader is available; do not generate a thin locale page."
https://vidssave.com/ta/reels,internal link,not fetched,,,localized page,language-specific search,not analyzed,locale: ta,,not offered on SaveFromNet,excluded to protect relevance and quality,,NOT RECOMMENDED,no,"No original, verified translation or locale-specific downloader is available; do not generate a thin locale page."
https://vidssave.com/ta/story,internal link,not fetched,,,localized page,language-specific search,not analyzed,locale: ta,,not offered on SaveFromNet,excluded to protect relevance and quality,,NOT RECOMMENDED,no,"No original, verified translation or locale-specific downloader is available; do not generate a thin locale page."
https://vidssave.com/ta/terms,sitemap,not fetched,,,localized page,language-specific search,not analyzed,locale: ta,,not offered on SaveFromNet,excluded to protect relevance and quality,,NOT RECOMMENDED,no,"No original, verified translation or locale-specific downloader is available; do not generate a thin locale page."
https://vidssave.com/ta/threads,sitemap,not fetched,,,localized page,language-specific search,not analyzed,locale: ta,,not offered on SaveFromNet,excluded to protect relevance and quality,,NOT RECOMMENDED,no,"No original, verified translation or locale-specific downloader is available; do not generate a thin locale page."
https://vidssave.com/ta/tiktok,sitemap,not fetched,,,localized page,language-specific search,not analyzed,locale: ta,,not offered on SaveFromNet,excluded to protect relevance and quality,,NOT RECOMMENDED,no,"No original, verified translation or locale-specific downloader is available; do not generate a thin locale page."
https://vidssave.com/ta/tiktok-mp3-download,internal link,not fetched,,,localized page,language-specific search,not analyzed,locale: ta,,not offered on SaveFromNet,excluded to protect relevance and quality,,NOT RECOMMENDED,no,"No original, verified translation or locale-specific downloader is available; do not generate a thin locale page."
https://vidssave.com/ta/tiktok-story-downloader,sitemap,not fetched,,,localized page,language-specific search,not analyzed,locale: ta,,not offered on SaveFromNet,excluded to protect relevance and quality,,NOT RECOMMENDED,no,"No original, verified translation or locale-specific downloader is available; do not generate a thin locale page."
https://vidssave.com/ta/tiktok-to-mp3,sitemap,not fetched,,,localized page,language-specific search,not analyzed,locale: ta,,not offered on SaveFromNet,excluded to protect relevance and quality,,NOT RECOMMENDED,no,"No original, verified translation or locale-specific downloader is available; do not generate a thin locale page."
https://vidssave.com/ta/tiktok/how-to-download-tiktok-sounds,sitemap,not fetched,,,localized page,language-specific search,not analyzed,locale: ta,,not offered on SaveFromNet,excluded to protect relevance and quality,,NOT RECOMMENDED,no,"No original, verified translation or locale-specific downloader is available; do not generate a thin locale page."
https://vidssave.com/ta/topic/the-backrooms-movie,internal link,not fetched,,,localized page,language-specific search,not analyzed,locale: ta,,not offered on SaveFromNet,excluded to protect relevance and quality,,NOT RECOMMENDED,no,"No original, verified translation or locale-specific downloader is available; do not generate a thin locale page."
https://vidssave.com/ta/twitter-gif-downloader,sitemap,not fetched,,,localized page,language-specific search,not analyzed,locale: ta,,not offered on SaveFromNet,excluded to protect relevance and quality,,NOT RECOMMENDED,no,"No original, verified translation or locale-specific downloader is available; do not generate a thin locale page."
https://vidssave.com/ta/video,internal link,not fetched,,,localized page,language-specific search,not analyzed,locale: ta,,not offered on SaveFromNet,excluded to protect relevance and quality,,NOT RECOMMENDED,no,"No original, verified translation or locale-specific downloader is available; do not generate a thin locale page."
https://vidssave.com/ta/x,sitemap,not fetched,,,localized page,language-specific search,not analyzed,locale: ta,,not offered on SaveFromNet,excluded to protect relevance and quality,,NOT RECOMMENDED,no,"No original, verified translation or locale-specific downloader is available; do not generate a thin locale page."
https://vidssave.com/ta/youtube-audio-downloader,sitemap,not fetched,,,localized page,language-specific search,not analyzed,locale: ta,,not offered on SaveFromNet,excluded to protect relevance and quality,,NOT RECOMMENDED,no,"No original, verified translation or locale-specific downloader is available; do not generate a thin locale page."
https://vidssave.com/ta/youtube-movies,sitemap,not fetched,,,localized page,language-specific search,not analyzed,locale: ta,,not offered on SaveFromNet,excluded to protect relevance and quality,,NOT RECOMMENDED,no,"No original, verified translation or locale-specific downloader is available; do not generate a thin locale page."
https://vidssave.com/ta/youtube-music-download,sitemap,not fetched,,,localized page,language-specific search,not analyzed,locale: ta,,not offered on SaveFromNet,excluded to protect relevance and quality,,NOT RECOMMENDED,no,"No original, verified translation or locale-specific downloader is available; do not generate a thin locale page."
https://vidssave.com/ta/youtube-shorts-download,sitemap,not fetched,,,localized page,language-specific search,not analyzed,locale: ta,,not offered on SaveFromNet,excluded to protect relevance and quality,,NOT RECOMMENDED,no,"No original, verified translation or locale-specific downloader is available; do not generate a thin locale page."
https://vidssave.com/ta/youtube-song-downloader,sitemap,not fetched,,,localized page,language-specific search,not analyzed,locale: ta,,not offered on SaveFromNet,excluded to protect relevance and quality,,NOT RECOMMENDED,no,"No original, verified translation or locale-specific downloader is available; do not generate a thin locale page."
https://vidssave.com/ta/youtube-to-mp3,internal link,not fetched,,,localized page,language-specific search,not analyzed,locale: ta,,not offered on SaveFromNet,excluded to protect relevance and quality,,NOT RECOMMENDED,no,"No original, verified translation or locale-specific downloader is available; do not generate a thin locale page."
https://vidssave.com/ta/youtube-to-mp3-1mf,sitemap,not fetched,,,localized page,language-specific search,not analyzed,locale: ta,,not offered on SaveFromNet,excluded to protect relevance and quality,,NOT RECOMMENDED,no,"No original, verified translation or locale-specific downloader is available; do not generate a thin locale page."
https://vidssave.com/ta/youtube-to-mp4,sitemap,not fetched,,,localized page,language-specific search,not analyzed,locale: ta,,not offered on SaveFromNet,excluded to protect relevance and quality,,NOT RECOMMENDED,no,"No original, verified translation or locale-specific downloader is available; do not generate a thin locale page."
https://vidssave.com/ta/yt,sitemap,not fetched,,,localized page,language-specific search,not analyzed,locale: ta,,not offered on SaveFromNet,excluded to protect relevance and quality,,NOT RECOMMENDED,no,"No original, verified translation or locale-specific downloader is available; do not generate a thin locale page."
https://vidssave.com/ta/yt-downloader,sitemap,not fetched,,,localized page,language-specific search,not analyzed,locale: ta,,not offered on SaveFromNet,excluded to protect relevance and quality,,NOT RECOMMENDED,no,"No original, verified translation or locale-specific downloader is available; do not generate a thin locale page."
https://vidssave.com/ta/yt/how-to-download-youtube-shorts,sitemap,not fetched,,,localized page,language-specific search,not analyzed,locale: ta,,not offered on SaveFromNet,excluded to protect relevance and quality,,NOT RECOMMENDED,no,"No original, verified translation or locale-specific downloader is available; do not generate a thin locale page."
https://vidssave.com/ta/yt/how-to-extract-audio-from-youtube-video,sitemap,not fetched,,,localized page,language-specific search,not analyzed,locale: ta,,not offered on SaveFromNet,excluded to protect relevance and quality,,NOT RECOMMENDED,no,"No original, verified translation or locale-specific downloader is available; do not generate a thin locale page."
https://vidssave.com/ta/yt/why-cannot-i-download-youtube-videos,sitemap,not fetched,,,localized page,language-specific search,not analyzed,locale: ta,,not offered on SaveFromNet,excluded to protect relevance and quality,,NOT RECOMMENDED,no,"No original, verified translation or locale-specific downloader is available; do not generate a thin locale page."
https://vidssave.com/ta/yt/why-is-there-no-sound-after-downloading-youtube-video,sitemap,not fetched,,,localized page,language-specific search,not analyzed,locale: ta,,not offered on SaveFromNet,excluded to protect relevance and quality,,NOT RECOMMENDED,no,"No original, verified translation or locale-specific downloader is available; do not generate a thin locale page."
https://vidssave.com/te,internal link,not fetched,,,localized page,language-specific search,not analyzed,locale: te,,not offered on SaveFromNet,excluded to protect relevance and quality,,NOT RECOMMENDED,no,"No original, verified translation or locale-specific downloader is available; do not generate a thin locale page."
https://vidssave.com/te/about,sitemap,not fetched,,,localized page,language-specific search,not analyzed,locale: te,,not offered on SaveFromNet,excluded to protect relevance and quality,,NOT RECOMMENDED,no,"No original, verified translation or locale-specific downloader is available; do not generate a thin locale page."
https://vidssave.com/te/carousel,internal link,not fetched,,,localized page,language-specific search,not analyzed,locale: te,,not offered on SaveFromNet,excluded to protect relevance and quality,,NOT RECOMMENDED,no,"No original, verified translation or locale-specific downloader is available; do not generate a thin locale page."
https://vidssave.com/te/dailymotion,sitemap,not fetched,,,localized page,language-specific search,not analyzed,locale: te,,not offered on SaveFromNet,excluded to protect relevance and quality,,NOT RECOMMENDED,no,"No original, verified translation or locale-specific downloader is available; do not generate a thin locale page."
https://vidssave.com/te/extension,sitemap,not fetched,,,localized page,language-specific search,not analyzed,locale: te,,not offered on SaveFromNet,excluded to protect relevance and quality,,NOT RECOMMENDED,no,"No original, verified translation or locale-specific downloader is available; do not generate a thin locale page."
https://vidssave.com/te/extension/chrome,sitemap,not fetched,,,localized page,language-specific search,not analyzed,locale: te,,not offered on SaveFromNet,excluded to protect relevance and quality,,NOT RECOMMENDED,no,"No original, verified translation or locale-specific downloader is available; do not generate a thin locale page."
https://vidssave.com/te/facebook,sitemap,not fetched,,,localized page,language-specific search,not analyzed,locale: te,,not offered on SaveFromNet,excluded to protect relevance and quality,,NOT RECOMMENDED,no,"No original, verified translation or locale-specific downloader is available; do not generate a thin locale page."
https://vidssave.com/te/home,sitemap,not fetched,,,localized page,language-specific search,not analyzed,locale: te,,not offered on SaveFromNet,excluded to protect relevance and quality,,NOT RECOMMENDED,no,"No original, verified translation or locale-specific downloader is available; do not generate a thin locale page."
https://vidssave.com/te/ins,sitemap,not fetched,,,localized page,language-specific search,not analyzed,locale: te,,not offered on SaveFromNet,excluded to protect relevance and quality,,NOT RECOMMENDED,no,"No original, verified translation or locale-specific downloader is available; do not generate a thin locale page."
https://vidssave.com/te/ins/carousel,sitemap,not fetched,,,localized page,language-specific search,not analyzed,locale: te,,not offered on SaveFromNet,excluded to protect relevance and quality,,NOT RECOMMENDED,no,"No original, verified translation or locale-specific downloader is available; do not generate a thin locale page."
https://vidssave.com/te/ins/how-to-download-instagram-photos-in-hd,sitemap,not fetched,,,localized page,language-specific search,not analyzed,locale: te,,not offered on SaveFromNet,excluded to protect relevance and quality,,NOT RECOMMENDED,no,"No original, verified translation or locale-specific downloader is available; do not generate a thin locale page."
https://vidssave.com/te/ins/photo,sitemap,not fetched,,,localized page,language-specific search,not analyzed,locale: te,,not offered on SaveFromNet,excluded to protect relevance and quality,,NOT RECOMMENDED,no,"No original, verified translation or locale-specific downloader is available; do not generate a thin locale page."
https://vidssave.com/te/ins/profile,sitemap,not fetched,,,localized page,language-specific search,not analyzed,locale: te,,not offered on SaveFromNet,excluded to protect relevance and quality,,NOT RECOMMENDED,no,"No original, verified translation or locale-specific downloader is available; do not generate a thin locale page."
https://vidssave.com/te/ins/reels,sitemap,not fetched,,,localized page,language-specific search,not analyzed,locale: te,,not offered on SaveFromNet,excluded to protect relevance and quality,,NOT RECOMMENDED,no,"No original, verified translation or locale-specific downloader is available; do not generate a thin locale page."
https://vidssave.com/te/ins/story,sitemap,not fetched,,,localized page,language-specific search,not analyzed,locale: te,,not offered on SaveFromNet,excluded to protect relevance and quality,,NOT RECOMMENDED,no,"No original, verified translation or locale-specific downloader is available; do not generate a thin locale page."
https://vidssave.com/te/ins/video,sitemap,not fetched,,,localized page,language-specific search,not analyzed,locale: te,,not offered on SaveFromNet,excluded to protect relevance and quality,,NOT RECOMMENDED,no,"No original, verified translation or locale-specific downloader is available; do not generate a thin locale page."
https://vidssave.com/te/photo,internal link,not fetched,,,localized page,language-specific search,not analyzed,locale: te,,not offered on SaveFromNet,excluded to protect relevance and quality,,NOT RECOMMENDED,no,"No original, verified translation or locale-specific downloader is available; do not generate a thin locale page."
https://vidssave.com/te/pin,sitemap,not fetched,,,localized page,language-specific search,not analyzed,locale: te,,not offered on SaveFromNet,excluded to protect relevance and quality,,NOT RECOMMENDED,no,"No original, verified translation or locale-specific downloader is available; do not generate a thin locale page."
https://vidssave.com/te/pin/pinterest-gif-downloader,sitemap,not fetched,,,localized page,language-specific search,not analyzed,locale: te,,not offered on SaveFromNet,excluded to protect relevance and quality,,NOT RECOMMENDED,no,"No original, verified translation or locale-specific downloader is available; do not generate a thin locale page."
https://vidssave.com/te/pin/why-is-pinterest-not-letting-me-download,sitemap,not fetched,,,localized page,language-specific search,not analyzed,locale: te,,not offered on SaveFromNet,excluded to protect relevance and quality,,NOT RECOMMENDED,no,"No original, verified translation or locale-specific downloader is available; do not generate a thin locale page."
https://vidssave.com/te/platform-supports,sitemap,not fetched,,,localized page,language-specific search,not analyzed,locale: te,,not offered on SaveFromNet,excluded to protect relevance and quality,,NOT RECOMMENDED,no,"No original, verified translation or locale-specific downloader is available; do not generate a thin locale page."
https://vidssave.com/te/privacy,sitemap,not fetched,,,localized page,language-specific search,not analyzed,locale: te,,not offered on SaveFromNet,excluded to protect relevance and quality,,NOT RECOMMENDED,no,"No original, verified translation or locale-specific downloader is available; do not generate a thin locale page."
https://vidssave.com/te/profile,internal link,not fetched,,,localized page,language-specific search,not analyzed,locale: te,,not offered on SaveFromNet,excluded to protect relevance and quality,,NOT RECOMMENDED,no,"No original, verified translation or locale-specific downloader is available; do not generate a thin locale page."
https://vidssave.com/te/reddit,sitemap,not fetched,,,localized page,language-specific search,not analyzed,locale: te,,not offered on SaveFromNet,excluded to protect relevance and quality,,NOT RECOMMENDED,no,"No original, verified translation or locale-specific downloader is available; do not generate a thin locale page."
https://vidssave.com/te/reels,internal link,not fetched,,,localized page,language-specific search,not analyzed,locale: te,,not offered on SaveFromNet,excluded to protect relevance and quality,,NOT RECOMMENDED,no,"No original, verified translation or locale-specific downloader is available; do not generate a thin locale page."
https://vidssave.com/te/story,internal link,not fetched,,,localized page,language-specific search,not analyzed,locale: te,,not offered on SaveFromNet,excluded to protect relevance and quality,,NOT RECOMMENDED,no,"No original, verified translation or locale-specific downloader is available; do not generate a thin locale page."
https://vidssave.com/te/terms,sitemap,not fetched,,,localized page,language-specific search,not analyzed,locale: te,,not offered on SaveFromNet,excluded to protect relevance and quality,,NOT RECOMMENDED,no,"No original, verified translation or locale-specific downloader is available; do not generate a thin locale page."
https://vidssave.com/te/threads,sitemap,not fetched,,,localized page,language-specific search,not analyzed,locale: te,,not offered on SaveFromNet,excluded to protect relevance and quality,,NOT RECOMMENDED,no,"No original, verified translation or locale-specific downloader is available; do not generate a thin locale page."
https://vidssave.com/te/tiktok,sitemap,not fetched,,,localized page,language-specific search,not analyzed,locale: te,,not offered on SaveFromNet,excluded to protect relevance and quality,,NOT RECOMMENDED,no,"No original, verified translation or locale-specific downloader is available; do not generate a thin locale page."
https://vidssave.com/te/tiktok-mp3-download,internal link,not fetched,,,localized page,language-specific search,not analyzed,locale: te,,not offered on SaveFromNet,excluded to protect relevance and quality,,NOT RECOMMENDED,no,"No original, verified translation or locale-specific downloader is available; do not generate a thin locale page."
https://vidssave.com/te/tiktok-story-downloader,sitemap,not fetched,,,localized page,language-specific search,not analyzed,locale: te,,not offered on SaveFromNet,excluded to protect relevance and quality,,NOT RECOMMENDED,no,"No original, verified translation or locale-specific downloader is available; do not generate a thin locale page."
https://vidssave.com/te/tiktok-to-mp3,sitemap,not fetched,,,localized page,language-specific search,not analyzed,locale: te,,not offered on SaveFromNet,excluded to protect relevance and quality,,NOT RECOMMENDED,no,"No original, verified translation or locale-specific downloader is available; do not generate a thin locale page."
https://vidssave.com/te/tiktok/how-to-download-tiktok-sounds,sitemap,not fetched,,,localized page,language-specific search,not analyzed,locale: te,,not offered on SaveFromNet,excluded to protect relevance and quality,,NOT RECOMMENDED,no,"No original, verified translation or locale-specific downloader is available; do not generate a thin locale page."
https://vidssave.com/te/topic/the-backrooms-movie,internal link,not fetched,,,localized page,language-specific search,not analyzed,locale: te,,not offered on SaveFromNet,excluded to protect relevance and quality,,NOT RECOMMENDED,no,"No original, verified translation or locale-specific downloader is available; do not generate a thin locale page."
https://vidssave.com/te/twitter-gif-downloader,sitemap,not fetched,,,localized page,language-specific search,not analyzed,locale: te,,not offered on SaveFromNet,excluded to protect relevance and quality,,NOT RECOMMENDED,no,"No original, verified translation or locale-specific downloader is available; do not generate a thin locale page."
https://vidssave.com/te/video,internal link,not fetched,,,localized page,language-specific search,not analyzed,locale: te,,not offered on SaveFromNet,excluded to protect relevance and quality,,NOT RECOMMENDED,no,"No original, verified translation or locale-specific downloader is available; do not generate a thin locale page."
https://vidssave.com/te/x,sitemap,not fetched,,,localized page,language-specific search,not analyzed,locale: te,,not offered on SaveFromNet,excluded to protect relevance and quality,,NOT RECOMMENDED,no,"No original, verified translation or locale-specific downloader is available; do not generate a thin locale page."
https://vidssave.com/te/youtube-audio-downloader,sitemap,not fetched,,,localized page,language-specific search,not analyzed,locale: te,,not offered on SaveFromNet,excluded to protect relevance and quality,,NOT RECOMMENDED,no,"No original, verified translation or locale-specific downloader is available; do not generate a thin locale page."
https://vidssave.com/te/youtube-movies,sitemap,not fetched,,,localized page,language-specific search,not analyzed,locale: te,,not offered on SaveFromNet,excluded to protect relevance and quality,,NOT RECOMMENDED,no,"No original, verified translation or locale-specific downloader is available; do not generate a thin locale page."
https://vidssave.com/te/youtube-music-download,sitemap,not fetched,,,localized page,language-specific search,not analyzed,locale: te,,not offered on SaveFromNet,excluded to protect relevance and quality,,NOT RECOMMENDED,no,"No original, verified translation or locale-specific downloader is available; do not generate a thin locale page."
https://vidssave.com/te/youtube-shorts-download,sitemap,not fetched,,,localized page,language-specific search,not analyzed,locale: te,,not offered on SaveFromNet,excluded to protect relevance and quality,,NOT RECOMMENDED,no,"No original, verified translation or locale-specific downloader is available; do not generate a thin locale page."
https://vidssave.com/te/youtube-song-downloader,sitemap,not fetched,,,localized page,language-specific search,not analyzed,locale: te,,not offered on SaveFromNet,excluded to protect relevance and quality,,NOT RECOMMENDED,no,"No original, verified translation or locale-specific downloader is available; do not generate a thin locale page."
https://vidssave.com/te/youtube-to-mp3,sitemap,not fetched,,,localized page,language-specific search,not analyzed,locale: te,,not offered on SaveFromNet,excluded to protect relevance and quality,,NOT RECOMMENDED,no,"No original, verified translation or locale-specific downloader is available; do not generate a thin locale page."
https://vidssave.com/te/youtube-to-mp4,sitemap,not fetched,,,localized page,language-specific search,not analyzed,locale: te,,not offered on SaveFromNet,excluded to protect relevance and quality,,NOT RECOMMENDED,no,"No original, verified translation or locale-specific downloader is available; do not generate a thin locale page."
https://vidssave.com/te/yt,sitemap,not fetched,,,localized page,language-specific search,not analyzed,locale: te,,not offered on SaveFromNet,excluded to protect relevance and quality,,NOT RECOMMENDED,no,"No original, verified translation or locale-specific downloader is available; do not generate a thin locale page."
https://vidssave.com/te/yt-downloader,sitemap,not fetched,,,localized page,language-specific search,not analyzed,locale: te,,not offered on SaveFromNet,excluded to protect relevance and quality,,NOT RECOMMENDED,no,"No original, verified translation or locale-specific downloader is available; do not generate a thin locale page."
https://vidssave.com/te/yt/how-to-download-youtube-shorts,sitemap,not fetched,,,localized page,language-specific search,not analyzed,locale: te,,not offered on SaveFromNet,excluded to protect relevance and quality,,NOT RECOMMENDED,no,"No original, verified translation or locale-specific downloader is available; do not generate a thin locale page."
https://vidssave.com/te/yt/how-to-extract-audio-from-youtube-video,sitemap,not fetched,,,localized page,language-specific search,not analyzed,locale: te,,not offered on SaveFromNet,excluded to protect relevance and quality,,NOT RECOMMENDED,no,"No original, verified translation or locale-specific downloader is available; do not generate a thin locale page."
https://vidssave.com/te/yt/why-cannot-i-download-youtube-videos,sitemap,not fetched,,,localized page,language-specific search,not analyzed,locale: te,,not offered on SaveFromNet,excluded to protect relevance and quality,,NOT RECOMMENDED,no,"No original, verified translation or locale-specific downloader is available; do not generate a thin locale page."
https://vidssave.com/te/yt/why-is-there-no-sound-after-downloading-youtube-video,sitemap,not fetched,,,localized page,language-specific search,not analyzed,locale: te,,not offered on SaveFromNet,excluded to protect relevance and quality,,NOT RECOMMENDED,no,"No original, verified translation or locale-specific downloader is available; do not generate a thin locale page."
https://vidssave.com/terms,sitemap,200,https://vidssave.com/terms,https://vidssave.com/terms,policy,terms of use,terms of use,terms,https://vidssave.com/about | https://vidssave.com/ar/terms | https://vidssave.com/bn/terms | https://vidssave.com/cdn-cgi/l/email-protection | https://vidssave.com/dailymotion | https://vidssave.com/dailymotion-1mf | https://vidssave.com/de/terms | https://vidssave.com/es/terms,working downloader or content,answer terms of use,https://savefromnet.fun/terms,IMPLEMENTED,yes,Mapped by supported function and intent; reference design and copy were not reused.
https://vidssave.com/th,internal link,not fetched,,,localized page,language-specific search,not analyzed,locale: th,,not offered on SaveFromNet,excluded to protect relevance and quality,,NOT RECOMMENDED,no,"No original, verified translation or locale-specific downloader is available; do not generate a thin locale page."
https://vidssave.com/th/about,sitemap,not fetched,,,localized page,language-specific search,not analyzed,locale: th,,not offered on SaveFromNet,excluded to protect relevance and quality,,NOT RECOMMENDED,no,"No original, verified translation or locale-specific downloader is available; do not generate a thin locale page."
https://vidssave.com/th/carousel,internal link,not fetched,,,localized page,language-specific search,not analyzed,locale: th,,not offered on SaveFromNet,excluded to protect relevance and quality,,NOT RECOMMENDED,no,"No original, verified translation or locale-specific downloader is available; do not generate a thin locale page."
https://vidssave.com/th/dailymotion,sitemap,not fetched,,,localized page,language-specific search,not analyzed,locale: th,,not offered on SaveFromNet,excluded to protect relevance and quality,,NOT RECOMMENDED,no,"No original, verified translation or locale-specific downloader is available; do not generate a thin locale page."
https://vidssave.com/th/extension,sitemap,not fetched,,,localized page,language-specific search,not analyzed,locale: th,,not offered on SaveFromNet,excluded to protect relevance and quality,,NOT RECOMMENDED,no,"No original, verified translation or locale-specific downloader is available; do not generate a thin locale page."
https://vidssave.com/th/extension/chrome,sitemap,not fetched,,,localized page,language-specific search,not analyzed,locale: th,,not offered on SaveFromNet,excluded to protect relevance and quality,,NOT RECOMMENDED,no,"No original, verified translation or locale-specific downloader is available; do not generate a thin locale page."
https://vidssave.com/th/facebook,sitemap,not fetched,,,localized page,language-specific search,not analyzed,locale: th,,not offered on SaveFromNet,excluded to protect relevance and quality,,NOT RECOMMENDED,no,"No original, verified translation or locale-specific downloader is available; do not generate a thin locale page."
https://vidssave.com/th/home,sitemap,not fetched,,,localized page,language-specific search,not analyzed,locale: th,,not offered on SaveFromNet,excluded to protect relevance and quality,,NOT RECOMMENDED,no,"No original, verified translation or locale-specific downloader is available; do not generate a thin locale page."
https://vidssave.com/th/ins,sitemap,not fetched,,,localized page,language-specific search,not analyzed,locale: th,,not offered on SaveFromNet,excluded to protect relevance and quality,,NOT RECOMMENDED,no,"No original, verified translation or locale-specific downloader is available; do not generate a thin locale page."
https://vidssave.com/th/ins/carousel,sitemap,not fetched,,,localized page,language-specific search,not analyzed,locale: th,,not offered on SaveFromNet,excluded to protect relevance and quality,,NOT RECOMMENDED,no,"No original, verified translation or locale-specific downloader is available; do not generate a thin locale page."
https://vidssave.com/th/ins/how-to-download-instagram-photos-in-hd,sitemap,not fetched,,,localized page,language-specific search,not analyzed,locale: th,,not offered on SaveFromNet,excluded to protect relevance and quality,,NOT RECOMMENDED,no,"No original, verified translation or locale-specific downloader is available; do not generate a thin locale page."
https://vidssave.com/th/ins/photo,sitemap,not fetched,,,localized page,language-specific search,not analyzed,locale: th,,not offered on SaveFromNet,excluded to protect relevance and quality,,NOT RECOMMENDED,no,"No original, verified translation or locale-specific downloader is available; do not generate a thin locale page."
https://vidssave.com/th/ins/profile,sitemap,not fetched,,,localized page,language-specific search,not analyzed,locale: th,,not offered on SaveFromNet,excluded to protect relevance and quality,,NOT RECOMMENDED,no,"No original, verified translation or locale-specific downloader is available; do not generate a thin locale page."
https://vidssave.com/th/ins/reels,sitemap,not fetched,,,localized page,language-specific search,not analyzed,locale: th,,not offered on SaveFromNet,excluded to protect relevance and quality,,NOT RECOMMENDED,no,"No original, verified translation or locale-specific downloader is available; do not generate a thin locale page."
https://vidssave.com/th/ins/story,sitemap,not fetched,,,localized page,language-specific search,not analyzed,locale: th,,not offered on SaveFromNet,excluded to protect relevance and quality,,NOT RECOMMENDED,no,"No original, verified translation or locale-specific downloader is available; do not generate a thin locale page."
https://vidssave.com/th/ins/video,sitemap,not fetched,,,localized page,language-specific search,not analyzed,locale: th,,not offered on SaveFromNet,excluded to protect relevance and quality,,NOT RECOMMENDED,no,"No original, verified translation or locale-specific downloader is available; do not generate a thin locale page."
https://vidssave.com/th/photo,internal link,not fetched,,,localized page,language-specific search,not analyzed,locale: th,,not offered on SaveFromNet,excluded to protect relevance and quality,,NOT RECOMMENDED,no,"No original, verified translation or locale-specific downloader is available; do not generate a thin locale page."
https://vidssave.com/th/pin,sitemap,not fetched,,,localized page,language-specific search,not analyzed,locale: th,,not offered on SaveFromNet,excluded to protect relevance and quality,,NOT RECOMMENDED,no,"No original, verified translation or locale-specific downloader is available; do not generate a thin locale page."
https://vidssave.com/th/pin/pinterest-gif-downloader,sitemap,not fetched,,,localized page,language-specific search,not analyzed,locale: th,,not offered on SaveFromNet,excluded to protect relevance and quality,,NOT RECOMMENDED,no,"No original, verified translation or locale-specific downloader is available; do not generate a thin locale page."
https://vidssave.com/th/pin/why-is-pinterest-not-letting-me-download,sitemap,not fetched,,,localized page,language-specific search,not analyzed,locale: th,,not offered on SaveFromNet,excluded to protect relevance and quality,,NOT RECOMMENDED,no,"No original, verified translation or locale-specific downloader is available; do not generate a thin locale page."
https://vidssave.com/th/platform-supports,sitemap,not fetched,,,localized page,language-specific search,not analyzed,locale: th,,not offered on SaveFromNet,excluded to protect relevance and quality,,NOT RECOMMENDED,no,"No original, verified translation or locale-specific downloader is available; do not generate a thin locale page."
https://vidssave.com/th/privacy,sitemap,not fetched,,,localized page,language-specific search,not analyzed,locale: th,,not offered on SaveFromNet,excluded to protect relevance and quality,,NOT RECOMMENDED,no,"No original, verified translation or locale-specific downloader is available; do not generate a thin locale page."
https://vidssave.com/th/profile,internal link,not fetched,,,localized page,language-specific search,not analyzed,locale: th,,not offered on SaveFromNet,excluded to protect relevance and quality,,NOT RECOMMENDED,no,"No original, verified translation or locale-specific downloader is available; do not generate a thin locale page."
https://vidssave.com/th/reddit,sitemap,not fetched,,,localized page,language-specific search,not analyzed,locale: th,,not offered on SaveFromNet,excluded to protect relevance and quality,,NOT RECOMMENDED,no,"No original, verified translation or locale-specific downloader is available; do not generate a thin locale page."
https://vidssave.com/th/reels,internal link,not fetched,,,localized page,language-specific search,not analyzed,locale: th,,not offered on SaveFromNet,excluded to protect relevance and quality,,NOT RECOMMENDED,no,"No original, verified translation or locale-specific downloader is available; do not generate a thin locale page."
https://vidssave.com/th/story,internal link,not fetched,,,localized page,language-specific search,not analyzed,locale: th,,not offered on SaveFromNet,excluded to protect relevance and quality,,NOT RECOMMENDED,no,"No original, verified translation or locale-specific downloader is available; do not generate a thin locale page."
https://vidssave.com/th/terms,sitemap,not fetched,,,localized page,language-specific search,not analyzed,locale: th,,not offered on SaveFromNet,excluded to protect relevance and quality,,NOT RECOMMENDED,no,"No original, verified translation or locale-specific downloader is available; do not generate a thin locale page."
https://vidssave.com/th/threads,sitemap,not fetched,,,localized page,language-specific search,not analyzed,locale: th,,not offered on SaveFromNet,excluded to protect relevance and quality,,NOT RECOMMENDED,no,"No original, verified translation or locale-specific downloader is available; do not generate a thin locale page."
https://vidssave.com/th/tiktok,sitemap,not fetched,,,localized page,language-specific search,not analyzed,locale: th,,not offered on SaveFromNet,excluded to protect relevance and quality,,NOT RECOMMENDED,no,"No original, verified translation or locale-specific downloader is available; do not generate a thin locale page."
https://vidssave.com/th/tiktok-mp3-download,internal link,not fetched,,,localized page,language-specific search,not analyzed,locale: th,,not offered on SaveFromNet,excluded to protect relevance and quality,,NOT RECOMMENDED,no,"No original, verified translation or locale-specific downloader is available; do not generate a thin locale page."
https://vidssave.com/th/tiktok-story-downloader,sitemap,not fetched,,,localized page,language-specific search,not analyzed,locale: th,,not offered on SaveFromNet,excluded to protect relevance and quality,,NOT RECOMMENDED,no,"No original, verified translation or locale-specific downloader is available; do not generate a thin locale page."
https://vidssave.com/th/tiktok-to-mp3,sitemap,not fetched,,,localized page,language-specific search,not analyzed,locale: th,,not offered on SaveFromNet,excluded to protect relevance and quality,,NOT RECOMMENDED,no,"No original, verified translation or locale-specific downloader is available; do not generate a thin locale page."
https://vidssave.com/th/tiktok/how-to-download-tiktok-sounds,sitemap,not fetched,,,localized page,language-specific search,not analyzed,locale: th,,not offered on SaveFromNet,excluded to protect relevance and quality,,NOT RECOMMENDED,no,"No original, verified translation or locale-specific downloader is available; do not generate a thin locale page."
https://vidssave.com/th/topic/the-backrooms-movie,internal link,not fetched,,,localized page,language-specific search,not analyzed,locale: th,,not offered on SaveFromNet,excluded to protect relevance and quality,,NOT RECOMMENDED,no,"No original, verified translation or locale-specific downloader is available; do not generate a thin locale page."
https://vidssave.com/th/twitter-gif-downloader,sitemap,not fetched,,,localized page,language-specific search,not analyzed,locale: th,,not offered on SaveFromNet,excluded to protect relevance and quality,,NOT RECOMMENDED,no,"No original, verified translation or locale-specific downloader is available; do not generate a thin locale page."
https://vidssave.com/th/video,internal link,not fetched,,,localized page,language-specific search,not analyzed,locale: th,,not offered on SaveFromNet,excluded to protect relevance and quality,,NOT RECOMMENDED,no,"No original, verified translation or locale-specific downloader is available; do not generate a thin locale page."
https://vidssave.com/th/x,sitemap,not fetched,,,localized page,language-specific search,not analyzed,locale: th,,not offered on SaveFromNet,excluded to protect relevance and quality,,NOT RECOMMENDED,no,"No original, verified translation or locale-specific downloader is available; do not generate a thin locale page."
https://vidssave.com/th/youtube-audio-downloader,sitemap,not fetched,,,localized page,language-specific search,not analyzed,locale: th,,not offered on SaveFromNet,excluded to protect relevance and quality,,NOT RECOMMENDED,no,"No original, verified translation or locale-specific downloader is available; do not generate a thin locale page."
https://vidssave.com/th/youtube-movies,sitemap,not fetched,,,localized page,language-specific search,not analyzed,locale: th,,not offered on SaveFromNet,excluded to protect relevance and quality,,NOT RECOMMENDED,no,"No original, verified translation or locale-specific downloader is available; do not generate a thin locale page."
https://vidssave.com/th/youtube-music-download,sitemap,not fetched,,,localized page,language-specific search,not analyzed,locale: th,,not offered on SaveFromNet,excluded to protect relevance and quality,,NOT RECOMMENDED,no,"No original, verified translation or locale-specific downloader is available; do not generate a thin locale page."
https://vidssave.com/th/youtube-shorts-download,sitemap,not fetched,,,localized page,language-specific search,not analyzed,locale: th,,not offered on SaveFromNet,excluded to protect relevance and quality,,NOT RECOMMENDED,no,"No original, verified translation or locale-specific downloader is available; do not generate a thin locale page."
https://vidssave.com/th/youtube-song-downloader,sitemap,not fetched,,,localized page,language-specific search,not analyzed,locale: th,,not offered on SaveFromNet,excluded to protect relevance and quality,,NOT RECOMMENDED,no,"No original, verified translation or locale-specific downloader is available; do not generate a thin locale page."
https://vidssave.com/th/youtube-to-mp3,sitemap,not fetched,,,localized page,language-specific search,not analyzed,locale: th,,not offered on SaveFromNet,excluded to protect relevance and quality,,NOT RECOMMENDED,no,"No original, verified translation or locale-specific downloader is available; do not generate a thin locale page."
https://vidssave.com/th/youtube-to-mp4,sitemap,not fetched,,,localized page,language-specific search,not analyzed,locale: th,,not offered on SaveFromNet,excluded to protect relevance and quality,,NOT RECOMMENDED,no,"No original, verified translation or locale-specific downloader is available; do not generate a thin locale page."
https://vidssave.com/th/yt,sitemap,not fetched,,,localized page,language-specific search,not analyzed,locale: th,,not offered on SaveFromNet,excluded to protect relevance and quality,,NOT RECOMMENDED,no,"No original, verified translation or locale-specific downloader is available; do not generate a thin locale page."
https://vidssave.com/th/yt-downloader,sitemap,not fetched,,,localized page,language-specific search,not analyzed,locale: th,,not offered on SaveFromNet,excluded to protect relevance and quality,,NOT RECOMMENDED,no,"No original, verified translation or locale-specific downloader is available; do not generate a thin locale page."
https://vidssave.com/th/yt/how-to-download-youtube-shorts,sitemap,not fetched,,,localized page,language-specific search,not analyzed,locale: th,,not offered on SaveFromNet,excluded to protect relevance and quality,,NOT RECOMMENDED,no,"No original, verified translation or locale-specific downloader is available; do not generate a thin locale page."
https://vidssave.com/th/yt/how-to-extract-audio-from-youtube-video,sitemap,not fetched,,,localized page,language-specific search,not analyzed,locale: th,,not offered on SaveFromNet,excluded to protect relevance and quality,,NOT RECOMMENDED,no,"No original, verified translation or locale-specific downloader is available; do not generate a thin locale page."
https://vidssave.com/th/yt/why-cannot-i-download-youtube-videos,sitemap,not fetched,,,localized page,language-specific search,not analyzed,locale: th,,not offered on SaveFromNet,excluded to protect relevance and quality,,NOT RECOMMENDED,no,"No original, verified translation or locale-specific downloader is available; do not generate a thin locale page."
https://vidssave.com/th/yt/why-is-there-no-sound-after-downloading-youtube-video,sitemap,not fetched,,,localized page,language-specific search,not analyzed,locale: th,,not offered on SaveFromNet,excluded to protect relevance and quality,,NOT RECOMMENDED,no,"No original, verified translation or locale-specific downloader is available; do not generate a thin locale page."
https://vidssave.com/threads,sitemap,200,https://vidssave.com/threads,https://vidssave.com/threads,tool,Threads public video download,Threads public video download,threads,https://vidssave.com/about | https://vidssave.com/ar/threads | https://vidssave.com/bn/threads | https://vidssave.com/dailymotion | https://vidssave.com/dailymotion-1mf | https://vidssave.com/de/threads | https://vidssave.com/es/threads | https://vidssave.com/extension,working downloader or content,answer Threads public video download,https://savefromnet.fun/threads-video-downloader,IMPLEMENTED,yes,Mapped by supported function and intent; reference design and copy were not reused.
https://vidssave.com/tiktok,sitemap,200,https://fasttik.com/,https://fasttik.com,tool redirect,TikTok download,TikTok download,tiktok,https://vidssave.com/ | https://vidssave.com/ar | https://vidssave.com/bn | https://vidssave.com/cdn-cgi/l/email-protection | https://vidssave.com/de | https://vidssave.com/es | https://vidssave.com/fr | https://vidssave.com/hi,working downloader or content,answer TikTok download,https://savefromnet.fun/tiktok-downloader,IMPLEMENTED,yes,Mapped by supported function and intent; reference design and copy were not reused.
https://vidssave.com/tiktok-mp3-download,internal link,not fetched,,,converter alias,TikTok to MP3,TikTok to MP3,tiktok-mp3-download,,working downloader or content,answer TikTok to MP3,https://savefromnet.fun/tiktok-to-mp3,CONSOLIDATED,yes,Mapped by supported function and intent; reference design and copy were not reused.
https://vidssave.com/tiktok-song-download,internal link,not fetched,,,converter alias,TikTok audio download,TikTok audio download,tiktok-song-download,,working downloader or content,answer TikTok audio download,https://savefromnet.fun/tiktok-to-mp3,CONSOLIDATED,yes,Mapped by supported function and intent; reference design and copy were not reused.
https://vidssave.com/tiktok-story-downloader,sitemap,200,https://vidssave.com/tiktok-story-downloader,https://vidssave.com/tiktok-story-downloader,tool,TikTok Story download,TikTok Story download,tiktok-story-downloader,https://vidssave.com/about | https://vidssave.com/ar/tiktok-story-downloader | https://vidssave.com/bn/tiktok-story-downloader | https://vidssave.com/dailymotion | https://vidssave.com/dailymotion-1mf | https://vidssave.com/de/tiktok-story-downloader | https://vidssave.com/es/tiktok-story-downloader | https://vidssave.com/extension,working downloader or content,answer TikTok Story download,https://savefromnet.fun/tiktok-story-downloader,IMPLEMENTED,yes,Mapped by supported function and intent; reference design and copy were not reused.
https://vidssave.com/tiktok-to-mp3,sitemap,200,https://fasttik.com/tiktok-mp3-download,https://fasttik.com/tiktok-mp3-download,converter redirect,TikTok to MP3,TikTok to MP3,tiktok-to-mp3,https://vidssave.com/ | https://vidssave.com/ar/tiktok-mp3-download | https://vidssave.com/bn/tiktok-mp3-download | https://vidssave.com/cdn-cgi/l/email-protection | https://vidssave.com/de/tiktok-mp3-download | https://vidssave.com/es/tiktok-mp3-download | https://vidssave.com/fr/tiktok-mp3-download | https://vidssave.com/hi/tiktok-mp3-download,working downloader or content,answer TikTok to MP3,https://savefromnet.fun/tiktok-to-mp3,IMPLEMENTED,yes,Mapped by supported function and intent; reference design and copy were not reused.
https://vidssave.com/tiktok-video-download,internal link,not fetched,,,tool alias,TikTok video download,TikTok video download,tiktok-video-download,,working downloader or content,answer TikTok video download,https://savefromnet.fun/tiktok-downloader,CONSOLIDATED,yes,Mapped by supported function and intent; reference design and copy were not reused.
https://vidssave.com/tiktok/how-to-download-tiktok-sounds,internal link,not fetched,,,guide alias,TikTok audio download,TikTok audio download,tiktok,,working downloader or content,answer TikTok audio download,https://savefromnet.fun/tiktok-to-mp3,CONSOLIDATED,yes,Mapped by supported function and intent; reference design and copy were not reused.
https://vidssave.com/tiktok/how-to-download-tiktok-sounds-1mf,sitemap,200,https://vidssave.com/tiktok/how-to-download-tiktok-sounds-1mf,https://vidssave.com/tiktok/how-to-download-tiktok-sounds-1mf,guide,TikTok audio download,TikTok audio download,tiktok,https://vidssave.com/ | https://vidssave.com/about | https://vidssave.com/ar/tiktok/how-to-download-tiktok-sounds | https://vidssave.com/bn/tiktok/how-to-download-tiktok-sounds | https://vidssave.com/dailymotion | https://vidssave.com/dailymotion-1mf | https://vidssave.com/de/tiktok/how-to-download-tiktok-sounds | https://vidssave.com/es/tiktok/how-to-download-tiktok-sounds,working downloader or content,answer TikTok audio download,https://savefromnet.fun/tiktok-to-mp3,CONSOLIDATED,yes,Mapped by supported function and intent; reference design and copy were not reused.
https://vidssave.com/topic,internal link,not fetched,,,linked alias or ancillary page,unverified distinct intent,unverified distinct intent,topic,,not offered on SaveFromNet,excluded to protect relevance and quality,,NOT RECOMMENDED,no,Linked but not a distinct sitemap target; verify need and functionality before creating a page.
https://vidssave.com/topic/the-backrooms-movie,sitemap,200,https://vidssave.com/topic/the-backrooms-movie,https://vidssave.com/the-backrooms-movie,entertainment topic,movie information,movie information,topic,https://vidssave.com/about | https://vidssave.com/ar/topic/the-backrooms-movie | https://vidssave.com/bn/topic/the-backrooms-movie | https://vidssave.com/dailymotion | https://vidssave.com/dailymotion-1mf | https://vidssave.com/de/topic/the-backrooms-movie | https://vidssave.com/es/topic/the-backrooms-movie | https://vidssave.com/extension,not offered on SaveFromNet,excluded to protect relevance and quality,,NOT RELEVANT,no,Mapped by supported function and intent; reference design and copy were not reused.
https://vidssave.com/tr,internal link,not fetched,,,localized page,language-specific search,not analyzed,locale: tr,,not offered on SaveFromNet,excluded to protect relevance and quality,,NOT RECOMMENDED,no,"No original, verified translation or locale-specific downloader is available; do not generate a thin locale page."
https://vidssave.com/tr/about,sitemap,not fetched,,,localized page,language-specific search,not analyzed,locale: tr,,not offered on SaveFromNet,excluded to protect relevance and quality,,NOT RECOMMENDED,no,"No original, verified translation or locale-specific downloader is available; do not generate a thin locale page."
https://vidssave.com/tr/carousel,internal link,not fetched,,,localized page,language-specific search,not analyzed,locale: tr,,not offered on SaveFromNet,excluded to protect relevance and quality,,NOT RECOMMENDED,no,"No original, verified translation or locale-specific downloader is available; do not generate a thin locale page."
https://vidssave.com/tr/dailymotion,sitemap,not fetched,,,localized page,language-specific search,not analyzed,locale: tr,,not offered on SaveFromNet,excluded to protect relevance and quality,,NOT RECOMMENDED,no,"No original, verified translation or locale-specific downloader is available; do not generate a thin locale page."
https://vidssave.com/tr/extension,sitemap,not fetched,,,localized page,language-specific search,not analyzed,locale: tr,,not offered on SaveFromNet,excluded to protect relevance and quality,,NOT RECOMMENDED,no,"No original, verified translation or locale-specific downloader is available; do not generate a thin locale page."
https://vidssave.com/tr/extension/chrome,sitemap,not fetched,,,localized page,language-specific search,not analyzed,locale: tr,,not offered on SaveFromNet,excluded to protect relevance and quality,,NOT RECOMMENDED,no,"No original, verified translation or locale-specific downloader is available; do not generate a thin locale page."
https://vidssave.com/tr/facebook,sitemap,not fetched,,,localized page,language-specific search,not analyzed,locale: tr,,not offered on SaveFromNet,excluded to protect relevance and quality,,NOT RECOMMENDED,no,"No original, verified translation or locale-specific downloader is available; do not generate a thin locale page."
https://vidssave.com/tr/home,sitemap,not fetched,,,localized page,language-specific search,not analyzed,locale: tr,,not offered on SaveFromNet,excluded to protect relevance and quality,,NOT RECOMMENDED,no,"No original, verified translation or locale-specific downloader is available; do not generate a thin locale page."
https://vidssave.com/tr/ins,sitemap,not fetched,,,localized page,language-specific search,not analyzed,locale: tr,,not offered on SaveFromNet,excluded to protect relevance and quality,,NOT RECOMMENDED,no,"No original, verified translation or locale-specific downloader is available; do not generate a thin locale page."
https://vidssave.com/tr/ins/carousel,sitemap,not fetched,,,localized page,language-specific search,not analyzed,locale: tr,,not offered on SaveFromNet,excluded to protect relevance and quality,,NOT RECOMMENDED,no,"No original, verified translation or locale-specific downloader is available; do not generate a thin locale page."
https://vidssave.com/tr/ins/how-to-download-instagram-photos-in-hd,sitemap,not fetched,,,localized page,language-specific search,not analyzed,locale: tr,,not offered on SaveFromNet,excluded to protect relevance and quality,,NOT RECOMMENDED,no,"No original, verified translation or locale-specific downloader is available; do not generate a thin locale page."
https://vidssave.com/tr/ins/photo,sitemap,not fetched,,,localized page,language-specific search,not analyzed,locale: tr,,not offered on SaveFromNet,excluded to protect relevance and quality,,NOT RECOMMENDED,no,"No original, verified translation or locale-specific downloader is available; do not generate a thin locale page."
https://vidssave.com/tr/ins/profile,sitemap,not fetched,,,localized page,language-specific search,not analyzed,locale: tr,,not offered on SaveFromNet,excluded to protect relevance and quality,,NOT RECOMMENDED,no,"No original, verified translation or locale-specific downloader is available; do not generate a thin locale page."
https://vidssave.com/tr/ins/reels,sitemap,not fetched,,,localized page,language-specific search,not analyzed,locale: tr,,not offered on SaveFromNet,excluded to protect relevance and quality,,NOT RECOMMENDED,no,"No original, verified translation or locale-specific downloader is available; do not generate a thin locale page."
https://vidssave.com/tr/ins/story,sitemap,not fetched,,,localized page,language-specific search,not analyzed,locale: tr,,not offered on SaveFromNet,excluded to protect relevance and quality,,NOT RECOMMENDED,no,"No original, verified translation or locale-specific downloader is available; do not generate a thin locale page."
https://vidssave.com/tr/ins/video,sitemap,not fetched,,,localized page,language-specific search,not analyzed,locale: tr,,not offered on SaveFromNet,excluded to protect relevance and quality,,NOT RECOMMENDED,no,"No original, verified translation or locale-specific downloader is available; do not generate a thin locale page."
https://vidssave.com/tr/photo,internal link,not fetched,,,localized page,language-specific search,not analyzed,locale: tr,,not offered on SaveFromNet,excluded to protect relevance and quality,,NOT RECOMMENDED,no,"No original, verified translation or locale-specific downloader is available; do not generate a thin locale page."
https://vidssave.com/tr/pin,sitemap,not fetched,,,localized page,language-specific search,not analyzed,locale: tr,,not offered on SaveFromNet,excluded to protect relevance and quality,,NOT RECOMMENDED,no,"No original, verified translation or locale-specific downloader is available; do not generate a thin locale page."
https://vidssave.com/tr/pin/pinterest-gif-downloader,sitemap,not fetched,,,localized page,language-specific search,not analyzed,locale: tr,,not offered on SaveFromNet,excluded to protect relevance and quality,,NOT RECOMMENDED,no,"No original, verified translation or locale-specific downloader is available; do not generate a thin locale page."
https://vidssave.com/tr/pin/why-is-pinterest-not-letting-me-download,sitemap,not fetched,,,localized page,language-specific search,not analyzed,locale: tr,,not offered on SaveFromNet,excluded to protect relevance and quality,,NOT RECOMMENDED,no,"No original, verified translation or locale-specific downloader is available; do not generate a thin locale page."
https://vidssave.com/tr/platform-supports,sitemap,not fetched,,,localized page,language-specific search,not analyzed,locale: tr,,not offered on SaveFromNet,excluded to protect relevance and quality,,NOT RECOMMENDED,no,"No original, verified translation or locale-specific downloader is available; do not generate a thin locale page."
https://vidssave.com/tr/privacy,sitemap,not fetched,,,localized page,language-specific search,not analyzed,locale: tr,,not offered on SaveFromNet,excluded to protect relevance and quality,,NOT RECOMMENDED,no,"No original, verified translation or locale-specific downloader is available; do not generate a thin locale page."
https://vidssave.com/tr/profile,internal link,not fetched,,,localized page,language-specific search,not analyzed,locale: tr,,not offered on SaveFromNet,excluded to protect relevance and quality,,NOT RECOMMENDED,no,"No original, verified translation or locale-specific downloader is available; do not generate a thin locale page."
https://vidssave.com/tr/reddit,sitemap,not fetched,,,localized page,language-specific search,not analyzed,locale: tr,,not offered on SaveFromNet,excluded to protect relevance and quality,,NOT RECOMMENDED,no,"No original, verified translation or locale-specific downloader is available; do not generate a thin locale page."
https://vidssave.com/tr/reels,internal link,not fetched,,,localized page,language-specific search,not analyzed,locale: tr,,not offered on SaveFromNet,excluded to protect relevance and quality,,NOT RECOMMENDED,no,"No original, verified translation or locale-specific downloader is available; do not generate a thin locale page."
https://vidssave.com/tr/story,internal link,not fetched,,,localized page,language-specific search,not analyzed,locale: tr,,not offered on SaveFromNet,excluded to protect relevance and quality,,NOT RECOMMENDED,no,"No original, verified translation or locale-specific downloader is available; do not generate a thin locale page."
https://vidssave.com/tr/terms,sitemap,not fetched,,,localized page,language-specific search,not analyzed,locale: tr,,not offered on SaveFromNet,excluded to protect relevance and quality,,NOT RECOMMENDED,no,"No original, verified translation or locale-specific downloader is available; do not generate a thin locale page."
https://vidssave.com/tr/threads,sitemap,not fetched,,,localized page,language-specific search,not analyzed,locale: tr,,not offered on SaveFromNet,excluded to protect relevance and quality,,NOT RECOMMENDED,no,"No original, verified translation or locale-specific downloader is available; do not generate a thin locale page."
https://vidssave.com/tr/tiktok,sitemap,not fetched,,,localized page,language-specific search,not analyzed,locale: tr,,not offered on SaveFromNet,excluded to protect relevance and quality,,NOT RECOMMENDED,no,"No original, verified translation or locale-specific downloader is available; do not generate a thin locale page."
https://vidssave.com/tr/tiktok-mp3-download,internal link,not fetched,,,localized page,language-specific search,not analyzed,locale: tr,,not offered on SaveFromNet,excluded to protect relevance and quality,,NOT RECOMMENDED,no,"No original, verified translation or locale-specific downloader is available; do not generate a thin locale page."
https://vidssave.com/tr/tiktok-story-downloader,sitemap,not fetched,,,localized page,language-specific search,not analyzed,locale: tr,,not offered on SaveFromNet,excluded to protect relevance and quality,,NOT RECOMMENDED,no,"No original, verified translation or locale-specific downloader is available; do not generate a thin locale page."
https://vidssave.com/tr/tiktok-to-mp3,sitemap,not fetched,,,localized page,language-specific search,not analyzed,locale: tr,,not offered on SaveFromNet,excluded to protect relevance and quality,,NOT RECOMMENDED,no,"No original, verified translation or locale-specific downloader is available; do not generate a thin locale page."
https://vidssave.com/tr/tiktok/how-to-download-tiktok-sounds,sitemap,not fetched,,,localized page,language-specific search,not analyzed,locale: tr,,not offered on SaveFromNet,excluded to protect relevance and quality,,NOT RECOMMENDED,no,"No original, verified translation or locale-specific downloader is available; do not generate a thin locale page."
https://vidssave.com/tr/topic/the-backrooms-movie,internal link,not fetched,,,localized page,language-specific search,not analyzed,locale: tr,,not offered on SaveFromNet,excluded to protect relevance and quality,,NOT RECOMMENDED,no,"No original, verified translation or locale-specific downloader is available; do not generate a thin locale page."
https://vidssave.com/tr/twitter-gif-downloader,sitemap,not fetched,,,localized page,language-specific search,not analyzed,locale: tr,,not offered on SaveFromNet,excluded to protect relevance and quality,,NOT RECOMMENDED,no,"No original, verified translation or locale-specific downloader is available; do not generate a thin locale page."
https://vidssave.com/tr/video,internal link,not fetched,,,localized page,language-specific search,not analyzed,locale: tr,,not offered on SaveFromNet,excluded to protect relevance and quality,,NOT RECOMMENDED,no,"No original, verified translation or locale-specific downloader is available; do not generate a thin locale page."
https://vidssave.com/tr/x,sitemap,not fetched,,,localized page,language-specific search,not analyzed,locale: tr,,not offered on SaveFromNet,excluded to protect relevance and quality,,NOT RECOMMENDED,no,"No original, verified translation or locale-specific downloader is available; do not generate a thin locale page."
https://vidssave.com/tr/youtube-audio-downloader,sitemap,not fetched,,,localized page,language-specific search,not analyzed,locale: tr,,not offered on SaveFromNet,excluded to protect relevance and quality,,NOT RECOMMENDED,no,"No original, verified translation or locale-specific downloader is available; do not generate a thin locale page."
https://vidssave.com/tr/youtube-movies,sitemap,not fetched,,,localized page,language-specific search,not analyzed,locale: tr,,not offered on SaveFromNet,excluded to protect relevance and quality,,NOT RECOMMENDED,no,"No original, verified translation or locale-specific downloader is available; do not generate a thin locale page."
https://vidssave.com/tr/youtube-music-download,sitemap,not fetched,,,localized page,language-specific search,not analyzed,locale: tr,,not offered on SaveFromNet,excluded to protect relevance and quality,,NOT RECOMMENDED,no,"No original, verified translation or locale-specific downloader is available; do not generate a thin locale page."
https://vidssave.com/tr/youtube-shorts-download,sitemap,not fetched,,,localized page,language-specific search,not analyzed,locale: tr,,not offered on SaveFromNet,excluded to protect relevance and quality,,NOT RECOMMENDED,no,"No original, verified translation or locale-specific downloader is available; do not generate a thin locale page."
https://vidssave.com/tr/youtube-song-downloader,sitemap,not fetched,,,localized page,language-specific search,not analyzed,locale: tr,,not offered on SaveFromNet,excluded to protect relevance and quality,,NOT RECOMMENDED,no,"No original, verified translation or locale-specific downloader is available; do not generate a thin locale page."
https://vidssave.com/tr/youtube-to-mp3,sitemap,not fetched,,,localized page,language-specific search,not analyzed,locale: tr,,not offered on SaveFromNet,excluded to protect relevance and quality,,NOT RECOMMENDED,no,"No original, verified translation or locale-specific downloader is available; do not generate a thin locale page."
https://vidssave.com/tr/youtube-to-mp4,sitemap,not fetched,,,localized page,language-specific search,not analyzed,locale: tr,,not offered on SaveFromNet,excluded to protect relevance and quality,,NOT RECOMMENDED,no,"No original, verified translation or locale-specific downloader is available; do not generate a thin locale page."
https://vidssave.com/tr/yt-downloader,sitemap,not fetched,,,localized page,language-specific search,not analyzed,locale: tr,,not offered on SaveFromNet,excluded to protect relevance and quality,,NOT RECOMMENDED,no,"No original, verified translation or locale-specific downloader is available; do not generate a thin locale page."
https://vidssave.com/tr/yt/how-to-download-youtube-shorts,sitemap,not fetched,,,localized page,language-specific search,not analyzed,locale: tr,,not offered on SaveFromNet,excluded to protect relevance and quality,,NOT RECOMMENDED,no,"No original, verified translation or locale-specific downloader is available; do not generate a thin locale page."
https://vidssave.com/tr/yt/how-to-extract-audio-from-youtube-video,sitemap,not fetched,,,localized page,language-specific search,not analyzed,locale: tr,,not offered on SaveFromNet,excluded to protect relevance and quality,,NOT RECOMMENDED,no,"No original, verified translation or locale-specific downloader is available; do not generate a thin locale page."
https://vidssave.com/tr/yt/why-cannot-i-download-youtube-videos,sitemap,not fetched,,,localized page,language-specific search,not analyzed,locale: tr,,not offered on SaveFromNet,excluded to protect relevance and quality,,NOT RECOMMENDED,no,"No original, verified translation or locale-specific downloader is available; do not generate a thin locale page."
https://vidssave.com/tr/yt/why-is-there-no-sound-after-downloading-youtube-video,sitemap,not fetched,,,localized page,language-specific search,not analyzed,locale: tr,,not offered on SaveFromNet,excluded to protect relevance and quality,,NOT RECOMMENDED,no,"No original, verified translation or locale-specific downloader is available; do not generate a thin locale page."
https://vidssave.com/twitter-gif-downloader,sitemap,200,https://vidssave.com/twitter-gif-downloader,https://vidssave.com/twitter-gif-downloader,unsupported platform tool,X GIF download,X GIF download,twitter-gif-downloader,https://vidssave.com/about | https://vidssave.com/ar/twitter-gif-downloader | https://vidssave.com/bn/twitter-gif-downloader | https://vidssave.com/dailymotion | https://vidssave.com/dailymotion-1mf | https://vidssave.com/de/twitter-gif-downloader | https://vidssave.com/es/twitter-gif-downloader | https://vidssave.com/extension,not offered on SaveFromNet,excluded to protect relevance and quality,,NOT TECHNICALLY SUPPORTED,no,Mapped by supported function and intent; reference design and copy were not reused.
https://vidssave.com/ur,internal link,not fetched,,,localized page,language-specific search,not analyzed,locale: ur,,not offered on SaveFromNet,excluded to protect relevance and quality,,NOT RECOMMENDED,no,"No original, verified translation or locale-specific downloader is available; do not generate a thin locale page."
https://vidssave.com/ur/about,sitemap,not fetched,,,localized page,language-specific search,not analyzed,locale: ur,,not offered on SaveFromNet,excluded to protect relevance and quality,,NOT RECOMMENDED,no,"No original, verified translation or locale-specific downloader is available; do not generate a thin locale page."
https://vidssave.com/ur/carousel,internal link,not fetched,,,localized page,language-specific search,not analyzed,locale: ur,,not offered on SaveFromNet,excluded to protect relevance and quality,,NOT RECOMMENDED,no,"No original, verified translation or locale-specific downloader is available; do not generate a thin locale page."
https://vidssave.com/ur/dailymotion,sitemap,not fetched,,,localized page,language-specific search,not analyzed,locale: ur,,not offered on SaveFromNet,excluded to protect relevance and quality,,NOT RECOMMENDED,no,"No original, verified translation or locale-specific downloader is available; do not generate a thin locale page."
https://vidssave.com/ur/extension,sitemap,not fetched,,,localized page,language-specific search,not analyzed,locale: ur,,not offered on SaveFromNet,excluded to protect relevance and quality,,NOT RECOMMENDED,no,"No original, verified translation or locale-specific downloader is available; do not generate a thin locale page."
https://vidssave.com/ur/extension/chrome,sitemap,not fetched,,,localized page,language-specific search,not analyzed,locale: ur,,not offered on SaveFromNet,excluded to protect relevance and quality,,NOT RECOMMENDED,no,"No original, verified translation or locale-specific downloader is available; do not generate a thin locale page."
https://vidssave.com/ur/facebook,sitemap,not fetched,,,localized page,language-specific search,not analyzed,locale: ur,,not offered on SaveFromNet,excluded to protect relevance and quality,,NOT RECOMMENDED,no,"No original, verified translation or locale-specific downloader is available; do not generate a thin locale page."
https://vidssave.com/ur/home,sitemap,not fetched,,,localized page,language-specific search,not analyzed,locale: ur,,not offered on SaveFromNet,excluded to protect relevance and quality,,NOT RECOMMENDED,no,"No original, verified translation or locale-specific downloader is available; do not generate a thin locale page."
https://vidssave.com/ur/ins,sitemap,not fetched,,,localized page,language-specific search,not analyzed,locale: ur,,not offered on SaveFromNet,excluded to protect relevance and quality,,NOT RECOMMENDED,no,"No original, verified translation or locale-specific downloader is available; do not generate a thin locale page."
https://vidssave.com/ur/ins/carousel,sitemap,not fetched,,,localized page,language-specific search,not analyzed,locale: ur,,not offered on SaveFromNet,excluded to protect relevance and quality,,NOT RECOMMENDED,no,"No original, verified translation or locale-specific downloader is available; do not generate a thin locale page."
https://vidssave.com/ur/ins/how-to-download-instagram-photos-in-hd,sitemap,not fetched,,,localized page,language-specific search,not analyzed,locale: ur,,not offered on SaveFromNet,excluded to protect relevance and quality,,NOT RECOMMENDED,no,"No original, verified translation or locale-specific downloader is available; do not generate a thin locale page."
https://vidssave.com/ur/ins/photo,sitemap,not fetched,,,localized page,language-specific search,not analyzed,locale: ur,,not offered on SaveFromNet,excluded to protect relevance and quality,,NOT RECOMMENDED,no,"No original, verified translation or locale-specific downloader is available; do not generate a thin locale page."
https://vidssave.com/ur/ins/profile,sitemap,not fetched,,,localized page,language-specific search,not analyzed,locale: ur,,not offered on SaveFromNet,excluded to protect relevance and quality,,NOT RECOMMENDED,no,"No original, verified translation or locale-specific downloader is available; do not generate a thin locale page."
https://vidssave.com/ur/ins/reels,sitemap,not fetched,,,localized page,language-specific search,not analyzed,locale: ur,,not offered on SaveFromNet,excluded to protect relevance and quality,,NOT RECOMMENDED,no,"No original, verified translation or locale-specific downloader is available; do not generate a thin locale page."
https://vidssave.com/ur/ins/story,sitemap,not fetched,,,localized page,language-specific search,not analyzed,locale: ur,,not offered on SaveFromNet,excluded to protect relevance and quality,,NOT RECOMMENDED,no,"No original, verified translation or locale-specific downloader is available; do not generate a thin locale page."
https://vidssave.com/ur/ins/video,sitemap,not fetched,,,localized page,language-specific search,not analyzed,locale: ur,,not offered on SaveFromNet,excluded to protect relevance and quality,,NOT RECOMMENDED,no,"No original, verified translation or locale-specific downloader is available; do not generate a thin locale page."
https://vidssave.com/ur/photo,internal link,not fetched,,,localized page,language-specific search,not analyzed,locale: ur,,not offered on SaveFromNet,excluded to protect relevance and quality,,NOT RECOMMENDED,no,"No original, verified translation or locale-specific downloader is available; do not generate a thin locale page."
https://vidssave.com/ur/pin,sitemap,not fetched,,,localized page,language-specific search,not analyzed,locale: ur,,not offered on SaveFromNet,excluded to protect relevance and quality,,NOT RECOMMENDED,no,"No original, verified translation or locale-specific downloader is available; do not generate a thin locale page."
https://vidssave.com/ur/pin/pinterest-gif-downloader,sitemap,not fetched,,,localized page,language-specific search,not analyzed,locale: ur,,not offered on SaveFromNet,excluded to protect relevance and quality,,NOT RECOMMENDED,no,"No original, verified translation or locale-specific downloader is available; do not generate a thin locale page."
https://vidssave.com/ur/pin/why-is-pinterest-not-letting-me-download,sitemap,not fetched,,,localized page,language-specific search,not analyzed,locale: ur,,not offered on SaveFromNet,excluded to protect relevance and quality,,NOT RECOMMENDED,no,"No original, verified translation or locale-specific downloader is available; do not generate a thin locale page."
https://vidssave.com/ur/platform-supports,sitemap,not fetched,,,localized page,language-specific search,not analyzed,locale: ur,,not offered on SaveFromNet,excluded to protect relevance and quality,,NOT RECOMMENDED,no,"No original, verified translation or locale-specific downloader is available; do not generate a thin locale page."
https://vidssave.com/ur/privacy,sitemap,not fetched,,,localized page,language-specific search,not analyzed,locale: ur,,not offered on SaveFromNet,excluded to protect relevance and quality,,NOT RECOMMENDED,no,"No original, verified translation or locale-specific downloader is available; do not generate a thin locale page."
https://vidssave.com/ur/profile,internal link,not fetched,,,localized page,language-specific search,not analyzed,locale: ur,,not offered on SaveFromNet,excluded to protect relevance and quality,,NOT RECOMMENDED,no,"No original, verified translation or locale-specific downloader is available; do not generate a thin locale page."
https://vidssave.com/ur/reddit,sitemap,not fetched,,,localized page,language-specific search,not analyzed,locale: ur,,not offered on SaveFromNet,excluded to protect relevance and quality,,NOT RECOMMENDED,no,"No original, verified translation or locale-specific downloader is available; do not generate a thin locale page."
https://vidssave.com/ur/reels,internal link,not fetched,,,localized page,language-specific search,not analyzed,locale: ur,,not offered on SaveFromNet,excluded to protect relevance and quality,,NOT RECOMMENDED,no,"No original, verified translation or locale-specific downloader is available; do not generate a thin locale page."
https://vidssave.com/ur/story,internal link,not fetched,,,localized page,language-specific search,not analyzed,locale: ur,,not offered on SaveFromNet,excluded to protect relevance and quality,,NOT RECOMMENDED,no,"No original, verified translation or locale-specific downloader is available; do not generate a thin locale page."
https://vidssave.com/ur/terms,sitemap,not fetched,,,localized page,language-specific search,not analyzed,locale: ur,,not offered on SaveFromNet,excluded to protect relevance and quality,,NOT RECOMMENDED,no,"No original, verified translation or locale-specific downloader is available; do not generate a thin locale page."
https://vidssave.com/ur/threads,sitemap,not fetched,,,localized page,language-specific search,not analyzed,locale: ur,,not offered on SaveFromNet,excluded to protect relevance and quality,,NOT RECOMMENDED,no,"No original, verified translation or locale-specific downloader is available; do not generate a thin locale page."
https://vidssave.com/ur/tiktok,sitemap,not fetched,,,localized page,language-specific search,not analyzed,locale: ur,,not offered on SaveFromNet,excluded to protect relevance and quality,,NOT RECOMMENDED,no,"No original, verified translation or locale-specific downloader is available; do not generate a thin locale page."
https://vidssave.com/ur/tiktok-mp3-download,internal link,not fetched,,,localized page,language-specific search,not analyzed,locale: ur,,not offered on SaveFromNet,excluded to protect relevance and quality,,NOT RECOMMENDED,no,"No original, verified translation or locale-specific downloader is available; do not generate a thin locale page."
https://vidssave.com/ur/tiktok-story-downloader,sitemap,not fetched,,,localized page,language-specific search,not analyzed,locale: ur,,not offered on SaveFromNet,excluded to protect relevance and quality,,NOT RECOMMENDED,no,"No original, verified translation or locale-specific downloader is available; do not generate a thin locale page."
https://vidssave.com/ur/tiktok-to-mp3,sitemap,not fetched,,,localized page,language-specific search,not analyzed,locale: ur,,not offered on SaveFromNet,excluded to protect relevance and quality,,NOT RECOMMENDED,no,"No original, verified translation or locale-specific downloader is available; do not generate a thin locale page."
https://vidssave.com/ur/tiktok/how-to-download-tiktok-sounds,sitemap,not fetched,,,localized page,language-specific search,not analyzed,locale: ur,,not offered on SaveFromNet,excluded to protect relevance and quality,,NOT RECOMMENDED,no,"No original, verified translation or locale-specific downloader is available; do not generate a thin locale page."
https://vidssave.com/ur/topic/the-backrooms-movie,internal link,not fetched,,,localized page,language-specific search,not analyzed,locale: ur,,not offered on SaveFromNet,excluded to protect relevance and quality,,NOT RECOMMENDED,no,"No original, verified translation or locale-specific downloader is available; do not generate a thin locale page."
https://vidssave.com/ur/twitter-gif-downloader,sitemap,not fetched,,,localized page,language-specific search,not analyzed,locale: ur,,not offered on SaveFromNet,excluded to protect relevance and quality,,NOT RECOMMENDED,no,"No original, verified translation or locale-specific downloader is available; do not generate a thin locale page."
https://vidssave.com/ur/video,internal link,not fetched,,,localized page,language-specific search,not analyzed,locale: ur,,not offered on SaveFromNet,excluded to protect relevance and quality,,NOT RECOMMENDED,no,"No original, verified translation or locale-specific downloader is available; do not generate a thin locale page."
https://vidssave.com/ur/x,sitemap,not fetched,,,localized page,language-specific search,not analyzed,locale: ur,,not offered on SaveFromNet,excluded to protect relevance and quality,,NOT RECOMMENDED,no,"No original, verified translation or locale-specific downloader is available; do not generate a thin locale page."
https://vidssave.com/ur/youtube-audio-downloader,sitemap,not fetched,,,localized page,language-specific search,not analyzed,locale: ur,,not offered on SaveFromNet,excluded to protect relevance and quality,,NOT RECOMMENDED,no,"No original, verified translation or locale-specific downloader is available; do not generate a thin locale page."
https://vidssave.com/ur/youtube-movies,sitemap,not fetched,,,localized page,language-specific search,not analyzed,locale: ur,,not offered on SaveFromNet,excluded to protect relevance and quality,,NOT RECOMMENDED,no,"No original, verified translation or locale-specific downloader is available; do not generate a thin locale page."
https://vidssave.com/ur/youtube-music-download,sitemap,not fetched,,,localized page,language-specific search,not analyzed,locale: ur,,not offered on SaveFromNet,excluded to protect relevance and quality,,NOT RECOMMENDED,no,"No original, verified translation or locale-specific downloader is available; do not generate a thin locale page."
https://vidssave.com/ur/youtube-shorts-download,sitemap,not fetched,,,localized page,language-specific search,not analyzed,locale: ur,,not offered on SaveFromNet,excluded to protect relevance and quality,,NOT RECOMMENDED,no,"No original, verified translation or locale-specific downloader is available; do not generate a thin locale page."
https://vidssave.com/ur/youtube-song-downloader,sitemap,not fetched,,,localized page,language-specific search,not analyzed,locale: ur,,not offered on SaveFromNet,excluded to protect relevance and quality,,NOT RECOMMENDED,no,"No original, verified translation or locale-specific downloader is available; do not generate a thin locale page."
https://vidssave.com/ur/youtube-to-mp3,sitemap,not fetched,,,localized page,language-specific search,not analyzed,locale: ur,,not offered on SaveFromNet,excluded to protect relevance and quality,,NOT RECOMMENDED,no,"No original, verified translation or locale-specific downloader is available; do not generate a thin locale page."
https://vidssave.com/ur/youtube-to-mp4,sitemap,not fetched,,,localized page,language-specific search,not analyzed,locale: ur,,not offered on SaveFromNet,excluded to protect relevance and quality,,NOT RECOMMENDED,no,"No original, verified translation or locale-specific downloader is available; do not generate a thin locale page."
https://vidssave.com/ur/yt-downloader,sitemap,not fetched,,,localized page,language-specific search,not analyzed,locale: ur,,not offered on SaveFromNet,excluded to protect relevance and quality,,NOT RECOMMENDED,no,"No original, verified translation or locale-specific downloader is available; do not generate a thin locale page."
https://vidssave.com/ur/yt/how-to-download-youtube-shorts,sitemap,not fetched,,,localized page,language-specific search,not analyzed,locale: ur,,not offered on SaveFromNet,excluded to protect relevance and quality,,NOT RECOMMENDED,no,"No original, verified translation or locale-specific downloader is available; do not generate a thin locale page."
https://vidssave.com/ur/yt/how-to-extract-audio-from-youtube-video,sitemap,not fetched,,,localized page,language-specific search,not analyzed,locale: ur,,not offered on SaveFromNet,excluded to protect relevance and quality,,NOT RECOMMENDED,no,"No original, verified translation or locale-specific downloader is available; do not generate a thin locale page."
https://vidssave.com/ur/yt/why-cannot-i-download-youtube-videos,sitemap,not fetched,,,localized page,language-specific search,not analyzed,locale: ur,,not offered on SaveFromNet,excluded to protect relevance and quality,,NOT RECOMMENDED,no,"No original, verified translation or locale-specific downloader is available; do not generate a thin locale page."
https://vidssave.com/ur/yt/why-is-there-no-sound-after-downloading-youtube-video,sitemap,not fetched,,,localized page,language-specific search,not analyzed,locale: ur,,not offered on SaveFromNet,excluded to protect relevance and quality,,NOT RECOMMENDED,no,"No original, verified translation or locale-specific downloader is available; do not generate a thin locale page."
https://vidssave.com/vi,internal link,not fetched,,,localized page,language-specific search,not analyzed,locale: vi,,not offered on SaveFromNet,excluded to protect relevance and quality,,NOT RECOMMENDED,no,"No original, verified translation or locale-specific downloader is available; do not generate a thin locale page."
https://vidssave.com/vi/about,sitemap,not fetched,,,localized page,language-specific search,not analyzed,locale: vi,,not offered on SaveFromNet,excluded to protect relevance and quality,,NOT RECOMMENDED,no,"No original, verified translation or locale-specific downloader is available; do not generate a thin locale page."
https://vidssave.com/vi/carousel,internal link,not fetched,,,localized page,language-specific search,not analyzed,locale: vi,,not offered on SaveFromNet,excluded to protect relevance and quality,,NOT RECOMMENDED,no,"No original, verified translation or locale-specific downloader is available; do not generate a thin locale page."
https://vidssave.com/vi/dailymotion,sitemap,not fetched,,,localized page,language-specific search,not analyzed,locale: vi,,not offered on SaveFromNet,excluded to protect relevance and quality,,NOT RECOMMENDED,no,"No original, verified translation or locale-specific downloader is available; do not generate a thin locale page."
https://vidssave.com/vi/extension,sitemap,not fetched,,,localized page,language-specific search,not analyzed,locale: vi,,not offered on SaveFromNet,excluded to protect relevance and quality,,NOT RECOMMENDED,no,"No original, verified translation or locale-specific downloader is available; do not generate a thin locale page."
https://vidssave.com/vi/extension/chrome,sitemap,not fetched,,,localized page,language-specific search,not analyzed,locale: vi,,not offered on SaveFromNet,excluded to protect relevance and quality,,NOT RECOMMENDED,no,"No original, verified translation or locale-specific downloader is available; do not generate a thin locale page."
https://vidssave.com/vi/facebook,sitemap,not fetched,,,localized page,language-specific search,not analyzed,locale: vi,,not offered on SaveFromNet,excluded to protect relevance and quality,,NOT RECOMMENDED,no,"No original, verified translation or locale-specific downloader is available; do not generate a thin locale page."
https://vidssave.com/vi/home,sitemap,not fetched,,,localized page,language-specific search,not analyzed,locale: vi,,not offered on SaveFromNet,excluded to protect relevance and quality,,NOT RECOMMENDED,no,"No original, verified translation or locale-specific downloader is available; do not generate a thin locale page."
https://vidssave.com/vi/ins,sitemap,not fetched,,,localized page,language-specific search,not analyzed,locale: vi,,not offered on SaveFromNet,excluded to protect relevance and quality,,NOT RECOMMENDED,no,"No original, verified translation or locale-specific downloader is available; do not generate a thin locale page."
https://vidssave.com/vi/ins/carousel,sitemap,not fetched,,,localized page,language-specific search,not analyzed,locale: vi,,not offered on SaveFromNet,excluded to protect relevance and quality,,NOT RECOMMENDED,no,"No original, verified translation or locale-specific downloader is available; do not generate a thin locale page."
https://vidssave.com/vi/ins/how-to-download-instagram-photos-in-hd,sitemap,not fetched,,,localized page,language-specific search,not analyzed,locale: vi,,not offered on SaveFromNet,excluded to protect relevance and quality,,NOT RECOMMENDED,no,"No original, verified translation or locale-specific downloader is available; do not generate a thin locale page."
https://vidssave.com/vi/ins/photo,sitemap,not fetched,,,localized page,language-specific search,not analyzed,locale: vi,,not offered on SaveFromNet,excluded to protect relevance and quality,,NOT RECOMMENDED,no,"No original, verified translation or locale-specific downloader is available; do not generate a thin locale page."
https://vidssave.com/vi/ins/profile,sitemap,not fetched,,,localized page,language-specific search,not analyzed,locale: vi,,not offered on SaveFromNet,excluded to protect relevance and quality,,NOT RECOMMENDED,no,"No original, verified translation or locale-specific downloader is available; do not generate a thin locale page."
https://vidssave.com/vi/ins/reels,sitemap,not fetched,,,localized page,language-specific search,not analyzed,locale: vi,,not offered on SaveFromNet,excluded to protect relevance and quality,,NOT RECOMMENDED,no,"No original, verified translation or locale-specific downloader is available; do not generate a thin locale page."
https://vidssave.com/vi/ins/story,sitemap,not fetched,,,localized page,language-specific search,not analyzed,locale: vi,,not offered on SaveFromNet,excluded to protect relevance and quality,,NOT RECOMMENDED,no,"No original, verified translation or locale-specific downloader is available; do not generate a thin locale page."
https://vidssave.com/vi/ins/video,sitemap,not fetched,,,localized page,language-specific search,not analyzed,locale: vi,,not offered on SaveFromNet,excluded to protect relevance and quality,,NOT RECOMMENDED,no,"No original, verified translation or locale-specific downloader is available; do not generate a thin locale page."
https://vidssave.com/vi/photo,internal link,not fetched,,,localized page,language-specific search,not analyzed,locale: vi,,not offered on SaveFromNet,excluded to protect relevance and quality,,NOT RECOMMENDED,no,"No original, verified translation or locale-specific downloader is available; do not generate a thin locale page."
https://vidssave.com/vi/pin,sitemap,not fetched,,,localized page,language-specific search,not analyzed,locale: vi,,not offered on SaveFromNet,excluded to protect relevance and quality,,NOT RECOMMENDED,no,"No original, verified translation or locale-specific downloader is available; do not generate a thin locale page."
https://vidssave.com/vi/pin/pinterest-gif-downloader,sitemap,not fetched,,,localized page,language-specific search,not analyzed,locale: vi,,not offered on SaveFromNet,excluded to protect relevance and quality,,NOT RECOMMENDED,no,"No original, verified translation or locale-specific downloader is available; do not generate a thin locale page."
https://vidssave.com/vi/pin/why-is-pinterest-not-letting-me-download,sitemap,not fetched,,,localized page,language-specific search,not analyzed,locale: vi,,not offered on SaveFromNet,excluded to protect relevance and quality,,NOT RECOMMENDED,no,"No original, verified translation or locale-specific downloader is available; do not generate a thin locale page."
https://vidssave.com/vi/platform-supports,sitemap,not fetched,,,localized page,language-specific search,not analyzed,locale: vi,,not offered on SaveFromNet,excluded to protect relevance and quality,,NOT RECOMMENDED,no,"No original, verified translation or locale-specific downloader is available; do not generate a thin locale page."
https://vidssave.com/vi/privacy,sitemap,not fetched,,,localized page,language-specific search,not analyzed,locale: vi,,not offered on SaveFromNet,excluded to protect relevance and quality,,NOT RECOMMENDED,no,"No original, verified translation or locale-specific downloader is available; do not generate a thin locale page."
https://vidssave.com/vi/profile,internal link,not fetched,,,localized page,language-specific search,not analyzed,locale: vi,,not offered on SaveFromNet,excluded to protect relevance and quality,,NOT RECOMMENDED,no,"No original, verified translation or locale-specific downloader is available; do not generate a thin locale page."
https://vidssave.com/vi/reddit,sitemap,not fetched,,,localized page,language-specific search,not analyzed,locale: vi,,not offered on SaveFromNet,excluded to protect relevance and quality,,NOT RECOMMENDED,no,"No original, verified translation or locale-specific downloader is available; do not generate a thin locale page."
https://vidssave.com/vi/reels,internal link,not fetched,,,localized page,language-specific search,not analyzed,locale: vi,,not offered on SaveFromNet,excluded to protect relevance and quality,,NOT RECOMMENDED,no,"No original, verified translation or locale-specific downloader is available; do not generate a thin locale page."
https://vidssave.com/vi/story,internal link,not fetched,,,localized page,language-specific search,not analyzed,locale: vi,,not offered on SaveFromNet,excluded to protect relevance and quality,,NOT RECOMMENDED,no,"No original, verified translation or locale-specific downloader is available; do not generate a thin locale page."
https://vidssave.com/vi/terms,sitemap,not fetched,,,localized page,language-specific search,not analyzed,locale: vi,,not offered on SaveFromNet,excluded to protect relevance and quality,,NOT RECOMMENDED,no,"No original, verified translation or locale-specific downloader is available; do not generate a thin locale page."
https://vidssave.com/vi/threads,sitemap,not fetched,,,localized page,language-specific search,not analyzed,locale: vi,,not offered on SaveFromNet,excluded to protect relevance and quality,,NOT RECOMMENDED,no,"No original, verified translation or locale-specific downloader is available; do not generate a thin locale page."
https://vidssave.com/vi/tiktok,sitemap,not fetched,,,localized page,language-specific search,not analyzed,locale: vi,,not offered on SaveFromNet,excluded to protect relevance and quality,,NOT RECOMMENDED,no,"No original, verified translation or locale-specific downloader is available; do not generate a thin locale page."
https://vidssave.com/vi/tiktok-mp3-download,internal link,not fetched,,,localized page,language-specific search,not analyzed,locale: vi,,not offered on SaveFromNet,excluded to protect relevance and quality,,NOT RECOMMENDED,no,"No original, verified translation or locale-specific downloader is available; do not generate a thin locale page."
https://vidssave.com/vi/tiktok-story-downloader,sitemap,not fetched,,,localized page,language-specific search,not analyzed,locale: vi,,not offered on SaveFromNet,excluded to protect relevance and quality,,NOT RECOMMENDED,no,"No original, verified translation or locale-specific downloader is available; do not generate a thin locale page."
https://vidssave.com/vi/tiktok-to-mp3,sitemap,not fetched,,,localized page,language-specific search,not analyzed,locale: vi,,not offered on SaveFromNet,excluded to protect relevance and quality,,NOT RECOMMENDED,no,"No original, verified translation or locale-specific downloader is available; do not generate a thin locale page."
https://vidssave.com/vi/tiktok/how-to-download-tiktok-sounds,sitemap,not fetched,,,localized page,language-specific search,not analyzed,locale: vi,,not offered on SaveFromNet,excluded to protect relevance and quality,,NOT RECOMMENDED,no,"No original, verified translation or locale-specific downloader is available; do not generate a thin locale page."
https://vidssave.com/vi/topic/the-backrooms-movie,internal link,not fetched,,,localized page,language-specific search,not analyzed,locale: vi,,not offered on SaveFromNet,excluded to protect relevance and quality,,NOT RECOMMENDED,no,"No original, verified translation or locale-specific downloader is available; do not generate a thin locale page."
https://vidssave.com/vi/twitter-gif-downloader,sitemap,not fetched,,,localized page,language-specific search,not analyzed,locale: vi,,not offered on SaveFromNet,excluded to protect relevance and quality,,NOT RECOMMENDED,no,"No original, verified translation or locale-specific downloader is available; do not generate a thin locale page."
https://vidssave.com/vi/video,internal link,not fetched,,,localized page,language-specific search,not analyzed,locale: vi,,not offered on SaveFromNet,excluded to protect relevance and quality,,NOT RECOMMENDED,no,"No original, verified translation or locale-specific downloader is available; do not generate a thin locale page."
https://vidssave.com/vi/x,sitemap,not fetched,,,localized page,language-specific search,not analyzed,locale: vi,,not offered on SaveFromNet,excluded to protect relevance and quality,,NOT RECOMMENDED,no,"No original, verified translation or locale-specific downloader is available; do not generate a thin locale page."
https://vidssave.com/vi/youtube-audio-downloader,sitemap,not fetched,,,localized page,language-specific search,not analyzed,locale: vi,,not offered on SaveFromNet,excluded to protect relevance and quality,,NOT RECOMMENDED,no,"No original, verified translation or locale-specific downloader is available; do not generate a thin locale page."
https://vidssave.com/vi/youtube-movies,sitemap,not fetched,,,localized page,language-specific search,not analyzed,locale: vi,,not offered on SaveFromNet,excluded to protect relevance and quality,,NOT RECOMMENDED,no,"No original, verified translation or locale-specific downloader is available; do not generate a thin locale page."
https://vidssave.com/vi/youtube-music-download,sitemap,not fetched,,,localized page,language-specific search,not analyzed,locale: vi,,not offered on SaveFromNet,excluded to protect relevance and quality,,NOT RECOMMENDED,no,"No original, verified translation or locale-specific downloader is available; do not generate a thin locale page."
https://vidssave.com/vi/youtube-shorts-download,sitemap,not fetched,,,localized page,language-specific search,not analyzed,locale: vi,,not offered on SaveFromNet,excluded to protect relevance and quality,,NOT RECOMMENDED,no,"No original, verified translation or locale-specific downloader is available; do not generate a thin locale page."
https://vidssave.com/vi/youtube-song-downloader,sitemap,not fetched,,,localized page,language-specific search,not analyzed,locale: vi,,not offered on SaveFromNet,excluded to protect relevance and quality,,NOT RECOMMENDED,no,"No original, verified translation or locale-specific downloader is available; do not generate a thin locale page."
https://vidssave.com/vi/youtube-to-mp3,sitemap,not fetched,,,localized page,language-specific search,not analyzed,locale: vi,,not offered on SaveFromNet,excluded to protect relevance and quality,,NOT RECOMMENDED,no,"No original, verified translation or locale-specific downloader is available; do not generate a thin locale page."
https://vidssave.com/vi/youtube-to-mp4,sitemap,not fetched,,,localized page,language-specific search,not analyzed,locale: vi,,not offered on SaveFromNet,excluded to protect relevance and quality,,NOT RECOMMENDED,no,"No original, verified translation or locale-specific downloader is available; do not generate a thin locale page."
https://vidssave.com/vi/yt-2az,sitemap,not fetched,,,localized page,language-specific search,not analyzed,locale: vi,,not offered on SaveFromNet,excluded to protect relevance and quality,,NOT RECOMMENDED,no,"No original, verified translation or locale-specific downloader is available; do not generate a thin locale page."
https://vidssave.com/vi/yt-downloader,sitemap,not fetched,,,localized page,language-specific search,not analyzed,locale: vi,,not offered on SaveFromNet,excluded to protect relevance and quality,,NOT RECOMMENDED,no,"No original, verified translation or locale-specific downloader is available; do not generate a thin locale page."
https://vidssave.com/vi/yt/how-to-download-youtube-shorts,sitemap,not fetched,,,localized page,language-specific search,not analyzed,locale: vi,,not offered on SaveFromNet,excluded to protect relevance and quality,,NOT RECOMMENDED,no,"No original, verified translation or locale-specific downloader is available; do not generate a thin locale page."
https://vidssave.com/vi/yt/how-to-extract-audio-from-youtube-video,sitemap,not fetched,,,localized page,language-specific search,not analyzed,locale: vi,,not offered on SaveFromNet,excluded to protect relevance and quality,,NOT RECOMMENDED,no,"No original, verified translation or locale-specific downloader is available; do not generate a thin locale page."
https://vidssave.com/vi/yt/why-cannot-i-download-youtube-videos,sitemap,not fetched,,,localized page,language-specific search,not analyzed,locale: vi,,not offered on SaveFromNet,excluded to protect relevance and quality,,NOT RECOMMENDED,no,"No original, verified translation or locale-specific downloader is available; do not generate a thin locale page."
https://vidssave.com/vi/yt/why-is-there-no-sound-after-downloading-youtube-video,sitemap,not fetched,,,localized page,language-specific search,not analyzed,locale: vi,,not offered on SaveFromNet,excluded to protect relevance and quality,,NOT RECOMMENDED,no,"No original, verified translation or locale-specific downloader is available; do not generate a thin locale page."
https://vidssave.com/video,internal link,not fetched,,,tool alias,Instagram video download,Instagram video download,video,,working downloader or content,answer Instagram video download,https://savefromnet.fun/instagram-video-downloader,CONSOLIDATED,yes,Mapped by supported function and intent; reference design and copy were not reused.
https://vidssave.com/viewer,internal link,not fetched,,,linked alias or ancillary page,unverified distinct intent,unverified distinct intent,viewer,,not offered on SaveFromNet,excluded to protect relevance and quality,,NOT RECOMMENDED,no,Linked but not a distinct sitemap target; verify need and functionality before creating a page.
https://vidssave.com/x,sitemap,200,https://vidssave.com/x,https://vidssave.com/x,unsupported platform tool,X video download,X video download,x,https://vidssave.com/about | https://vidssave.com/ar/x | https://vidssave.com/bn/x | https://vidssave.com/dailymotion | https://vidssave.com/dailymotion-1mf | https://vidssave.com/de/x | https://vidssave.com/es/x | https://vidssave.com/extension,not offered on SaveFromNet,excluded to protect relevance and quality,,NOT TECHNICALLY SUPPORTED,no,Mapped by supported function and intent; reference design and copy were not reused.
https://vidssave.com/youtube-audio-downloader-2az,sitemap,200,https://vidssave.com/youtube-audio-downloader-2az,https://vidssave.com/youtube-audio-downloader-2az,tool,YouTube audio download,YouTube audio download,youtube-audio-downloader-2az,https://vidssave.com/about | https://vidssave.com/ar/youtube-audio-downloader | https://vidssave.com/bn/youtube-audio-downloader | https://vidssave.com/dailymotion | https://vidssave.com/dailymotion-1mf | https://vidssave.com/de/youtube-audio-downloader | https://vidssave.com/es/youtube-audio-downloader-1mf | https://vidssave.com/extension,working downloader or content,answer YouTube audio download,https://savefromnet.fun/youtube-audio-downloader,IMPLEMENTED,yes,Mapped by supported function and intent; reference design and copy were not reused.
https://vidssave.com/youtube-movies-2az,sitemap,200,https://vidssave.com/youtube-movies-2az,https://vidssave.com/youtube-movies-2az,tool,public YouTube movie upload,public YouTube movie upload,youtube-movies-2az,https://vidssave.com/about | https://vidssave.com/ar/youtube-movies | https://vidssave.com/bn/youtube-movies | https://vidssave.com/dailymotion | https://vidssave.com/dailymotion-1mf | https://vidssave.com/de/youtube-movies | https://vidssave.com/es/youtube-movies-1mf | https://vidssave.com/extension,working downloader or content,answer public YouTube movie upload,https://savefromnet.fun/youtube-movies-downloader,IMPLEMENTED,yes,Mapped by supported function and intent; reference design and copy were not reused.
https://vidssave.com/youtube-music-download-3bx,sitemap,200,https://vidssave.com/youtube-music-download-3bx,https://vidssave.com/youtube-music-download-3bx,tool,YouTube Music audio,YouTube Music audio,youtube-music-download-3bx,https://vidssave.com/about | https://vidssave.com/ar/youtube-music-download | https://vidssave.com/bn/youtube-music-download | https://vidssave.com/dailymotion | https://vidssave.com/dailymotion-1mf | https://vidssave.com/de/youtube-music-download | https://vidssave.com/es/youtube-music-download | https://vidssave.com/extension,working downloader or content,answer YouTube Music audio,https://savefromnet.fun/youtube-music-downloader,IMPLEMENTED,yes,Mapped by supported function and intent; reference design and copy were not reused.
https://vidssave.com/youtube-shorts-download,internal link,not fetched,,,tool alias,YouTube Shorts download,YouTube Shorts download,youtube-shorts-download,,working downloader or content,answer YouTube Shorts download,https://savefromnet.fun/youtube-shorts-downloader,CONSOLIDATED,yes,Mapped by supported function and intent; reference design and copy were not reused.
https://vidssave.com/youtube-shorts-download-1mf,sitemap,200,https://vidssave.com/youtube-shorts-download-1mf,https://vidssave.com/youtube-shorts-download-1mf,tool,YouTube Shorts download,YouTube Shorts download,youtube-shorts-download-1mf,https://vidssave.com/about | https://vidssave.com/ar/youtube-shorts-download | https://vidssave.com/bn/youtube-shorts-download | https://vidssave.com/dailymotion | https://vidssave.com/dailymotion-1mf | https://vidssave.com/de/youtube-shorts-download | https://vidssave.com/es/youtube-shorts-download-1mf | https://vidssave.com/extension,working downloader or content,answer YouTube Shorts download,https://savefromnet.fun/youtube-shorts-downloader,IMPLEMENTED,yes,Mapped by supported function and intent; reference design and copy were not reused.
https://vidssave.com/youtube-song-downloader-3bx,sitemap,200,https://vidssave.com/youtube-song-downloader-3bx,https://vidssave.com/youtube-song-downloader-3bx,tool,YouTube song audio,YouTube song audio,youtube-song-downloader-3bx,https://vidssave.com/about | https://vidssave.com/ar/youtube-song-downloader | https://vidssave.com/bn/youtube-song-downloader | https://vidssave.com/dailymotion | https://vidssave.com/dailymotion-1mf | https://vidssave.com/de/youtube-song-downloader | https://vidssave.com/es/youtube-song-downloader | https://vidssave.com/extension,working downloader or content,answer YouTube song audio,https://savefromnet.fun/youtube-song-downloader,IMPLEMENTED,yes,Mapped by supported function and intent; reference design and copy were not reused.
https://vidssave.com/youtube-to-mp3-4cy,sitemap,200,https://vidssave.com/youtube-to-mp3-4cy,https://vidssave.com/youtube-to-mp3-4cy,converter,YouTube to MP3,YouTube to MP3,youtube-to-mp3-4cy,https://vidssave.com/about | https://vidssave.com/ar/youtube-to-mp3 | https://vidssave.com/bn/youtube-to-mp3 | https://vidssave.com/dailymotion | https://vidssave.com/dailymotion-1mf | https://vidssave.com/de/youtube-to-mp3 | https://vidssave.com/es/convertidor-youtube-mp3 | https://vidssave.com/extension,working downloader or content,answer YouTube to MP3,https://savefromnet.fun/youtube-to-mp3,IMPLEMENTED,yes,Mapped by supported function and intent; reference design and copy were not reused.
https://vidssave.com/youtube-to-mp4-5du,sitemap,200,https://vidssave.com/youtube-to-mp4-5du,https://vidssave.com/youtube-to-mp4-5du,converter,YouTube to MP4,YouTube to MP4,youtube-to-mp4-5du,https://vidssave.com/about | https://vidssave.com/ar/youtube-to-mp4 | https://vidssave.com/bn/youtube-to-mp4 | https://vidssave.com/dailymotion | https://vidssave.com/dailymotion-1mf | https://vidssave.com/de/youtube-to-mp4 | https://vidssave.com/es/youtube-to-mp4-1mf | https://vidssave.com/extension,working downloader or content,answer YouTube to MP4,https://savefromnet.fun/youtube-to-mp4,IMPLEMENTED,yes,Mapped by supported function and intent; reference design and copy were not reused.
https://vidssave.com/youtube-video-downloader-10jq,sitemap,200,https://vidssave.com/youtube-video-downloader-10jq,https://vidssave.com/youtube-video-downloader-10jq,tool,YouTube video download,YouTube video download,youtube-video-downloader-10jq,https://vidssave.com/about | https://vidssave.com/dailymotion | https://vidssave.com/dailymotion-1mf | https://vidssave.com/de/yt-2az | https://vidssave.com/extension | https://vidssave.com/extension/chrome | https://vidssave.com/facebook | https://vidssave.com/fr/yt-2az,working downloader or content,answer YouTube video download,https://savefromnet.fun/youtube-video-downloader,IMPLEMENTED,yes,Mapped by supported function and intent; reference design and copy were not reused.
https://vidssave.com/youtube-video-downloader-8hs,sitemap,200,https://vidssave.com/youtube-video-downloader-8hs,https://vidssave.com/youtube-video-downloader-8hs,duplicate tool,YouTube video download,YouTube video download,youtube-video-downloader-8hs,https://vidssave.com/about | https://vidssave.com/dailymotion | https://vidssave.com/dailymotion-1mf | https://vidssave.com/de/yt-2az | https://vidssave.com/extension | https://vidssave.com/extension/chrome | https://vidssave.com/facebook | https://vidssave.com/fr/yt-2az,working downloader or content,answer YouTube video download,https://savefromnet.fun/youtube-video-downloader,CONSOLIDATED,yes,Mapped by supported function and intent; reference design and copy were not reused.
https://vidssave.com/yt,internal link,not fetched,,,tool alias,YouTube download,YouTube download,yt,,working downloader or content,answer YouTube download,https://savefromnet.fun/youtube-downloader,CONSOLIDATED,yes,Mapped by supported function and intent; reference design and copy were not reused.
https://vidssave.com/yt-downloader-3bx,sitemap,200,https://vidssave.com/yt-downloader-3bx,https://vidssave.com/yt-downloader-3bx,tool,YouTube download,YouTube download,yt-downloader-3bx,https://vidssave.com/about | https://vidssave.com/ar/yt-downloader | https://vidssave.com/bn/yt-downloader | https://vidssave.com/dailymotion | https://vidssave.com/dailymotion-1mf | https://vidssave.com/de/yt-downloader | https://vidssave.com/es/yt-downloader-1mf | https://vidssave.com/extension,working downloader or content,answer YouTube download,https://savefromnet.fun/youtube-downloader,IMPLEMENTED,yes,Mapped by supported function and intent; reference design and copy were not reused.
https://vidssave.com/yt/how-to-download-youtube-shorts,sitemap,200,https://vidssave.com/yt/how-to-download-youtube-shorts,https://vidssave.com/yt/how-to-download-youtube-shorts,guide,how to save a Short,how to save a Short,yt,https://vidssave.com/about | https://vidssave.com/ar/yt/how-to-download-youtube-shorts | https://vidssave.com/bn/yt/how-to-download-youtube-shorts | https://vidssave.com/dailymotion | https://vidssave.com/dailymotion-1mf | https://vidssave.com/de/yt/how-to-download-youtube-shorts | https://vidssave.com/es/yt/how-to-download-youtube-shorts | https://vidssave.com/extension,working downloader or content,answer how to save a Short,https://savefromnet.fun/youtube-shorts-downloader,CONSOLIDATED,yes,Mapped by supported function and intent; reference design and copy were not reused.
https://vidssave.com/yt/how-to-extract-audio-from-youtube-video,sitemap,200,https://vidssave.com/yt/how-to-extract-audio-from-youtube-video,https://vidssave.com/yt/how-to-extract-audio-from-youtube-video,guide,YouTube audio extraction,YouTube audio extraction,yt,https://vidssave.com/about | https://vidssave.com/ar/yt/how-to-extract-audio-from-youtube-video | https://vidssave.com/bn/yt/how-to-extract-audio-from-youtube-video | https://vidssave.com/dailymotion | https://vidssave.com/dailymotion-1mf | https://vidssave.com/de/yt/how-to-extract-audio-from-youtube-video | https://vidssave.com/es/yt/how-to-extract-audio-from-youtube-video | https://vidssave.com/extension,working downloader or content,answer YouTube audio extraction,https://savefromnet.fun/youtube-to-mp3,CONSOLIDATED,yes,Mapped by supported function and intent; reference design and copy were not reused.
https://vidssave.com/yt/why-cannot-i-download-youtube-videos,sitemap,200,https://vidssave.com/yt/why-cannot-i-download-youtube-videos,https://vidssave.com/yt/why-cannot-i-download-youtube-videos,guide,YouTube download failures,YouTube download failures,yt,https://vidssave.com/about | https://vidssave.com/ar/yt/why-cannot-i-download-youtube-videos | https://vidssave.com/bn/yt/why-cannot-i-download-youtube-videos | https://vidssave.com/dailymotion | https://vidssave.com/dailymotion-1mf | https://vidssave.com/de/yt/why-cannot-i-download-youtube-videos | https://vidssave.com/es/yt/why-cannot-i-download-youtube-videos | https://vidssave.com/extension,working downloader or content,answer YouTube download failures,https://savefromnet.fun/guides/why-media-links-fail,CONSOLIDATED,yes,Mapped by supported function and intent; reference design and copy were not reused.
https://vidssave.com/yt/why-is-there-no-sound-after-downloading-youtube-video,sitemap,200,https://vidssave.com/yt/why-is-there-no-sound-after-downloading-youtube-video,https://vidssave.com/yt/why-is-there-no-sound-after-downloading-youtube-video,guide,YouTube video audio streams,YouTube video audio streams,yt,https://vidssave.com/about | https://vidssave.com/ar/yt/why-is-there-no-sound-after-downloading-youtube-video | https://vidssave.com/bn/yt/why-is-there-no-sound-after-downloading-youtube-video | https://vidssave.com/dailymotion | https://vidssave.com/dailymotion-1mf | https://vidssave.com/de/yt/why-is-there-no-sound-after-downloading-youtube-video | https://vidssave.com/es/yt/why-is-there-no-sound-after-downloading-youtube-video | https://vidssave.com/extension,working downloader or content,answer YouTube video audio streams,https://savefromnet.fun/guides/youtube-video-formats,CONSOLIDATED,yes,Mapped by supported function and intent; reference design and copy were not reused.
